DEPCOM,POLE,NCC
01003,01165,AMAREINS
01018,01033,ARLOD
01020,01125,ARNANS
01048,01245,BOHAS
01055,01283,BOUVENT
01070,01165,CESSEINS
01086,01414,CHARANCIN
01119,01080,CORCELLES
01120,01262,CORDIEUX
01126,01033,COUPY
01131,01189,CRAZ
01132,69274,CREPIEUX-LA-PAPE
01137,01426,CUISIAT
01144,01025,DOMMARTIN
01161,01414,FITIGNIEU
01164,01104,FORENS
01168,69278,GENAY
01172,01095,GERMAGNAT
01176,01187,GRAND-ABERGEMENT
01178,01240,GRANGES
01182,01338,GROSLEE
01201,01185,LACOUX
01217,01079,LILIGNOD
01220,01185,LOMPNES
01222,01185,LONGECOMBE
01223,01450,LOYES
01226,01036,LUTHEZIEU
01251,01313,MOENS
01253,01450,MOLLON
01256,69284,MONTANAY
01270,01410,NAPT
01271,01286,NATTAGES
01278,01091,OCHIAZ
01287,01079,PASSIN
01292,01187,PETIT-ABERGEMENT
01300,01204,POIZAT
01312,01426,PRESSIAT
01315,01202,PROULIEU
01316,01098,PUGIEU
01324,01245,RIGNAT
01326,69286,RILLIEUX
01327,01184,ROMANECHE
01340,01015,SAINT-BOIS
01377,01125,SAINT-MAURICE-D'ECHAZEAUX
01394,69292,SATHONAY-CAMP
01395,69293,SATHONAY-VILLAGE
01409,01187,SONGIEU
01438,01143,VESENEX-CRASSY
01440,01283,VEYZIAT
01455,01267,VOLOGNAT
01458,01091,VOUVRAY
02026,02458,ARTONGES
02045,02439,BARBONVAL
02092,02093,BLERANCOURDELLE
02113,02022,BRANGES
02147,02458,CELLE-SOUS-MONTMIRAIL
02161,02053,CHAPELLE-MONTHODON
02202,02220,COHAN
02247,02580,CUGNY-LES-CROUTTES
02285,59545,ESCAUFOURT
02300,02738,FARGNIERS
02314,02361,FLAVIGNY-LE-PETIT
02325,02458,FONTENELLE-EN-BRIE
02344,51664,GERNICOURT
02348,02439,GLENNES
02365,02124,HAMEGICOURT
02394,02008,JOUY
02436,02140,LOMBRAY
02437,02757,LONGCHAMPS
02479,02439,MERVAL
02597,02439,PERLES
02603,02810,PISSELEUX
02611,02559,PONT-A-BUCY
02630,02738,QUESSY
02646,02439,REVILLON
02669,02053,SAINT-AGNAN
02692,02307,SAINT-QUENTIN-SUR-ALLAN
02700,02308,SART
02771,02439,VAUXCERE
02811,02439,VILLERS-EN-PRAYERES
02825,02738,VOUEL
03123,03158,GIVARLAIS
03153,03158,LOUROUX-HODEMENT
03199,03315,NEUVILLE
03318,03168,VITRAY
04002,04167,AINAC
04003,04081,ALBIOSC
04010,04136,ARGENS
04011,04023,ASTOIN
04014,04109,AUGES
04015,04177,AURIBEAU
04029,04155,BLEGIERS
04038,04208,CARNIOL
04044,04039,CASTILLON
04048,04039,CHASTEUIL
04052,04144,CHATEAUNEUF-LES-MOUSTIERS
04056,04108,CHENERILLES
04060,04219,SAINT-MICHEL-PEYRESQ
04064,04173,COURCHONS
04071,04070,DOURBES
04078,04039,EOULX
04080,04097,ESCLANGON
04082,04023,ESPARRON-LA-BATIE
04083,04046,ESPINOUSE
04089,04226,FOURS
04098,04167,LAMBERT
04100,04120,LARCHE
04103,04107,LEVENS
04105,04192,LINCEL
04114,04155,MARIAUD
04117,04040,MELAN
04119,04161,MEOLANS
04125,04043,MONTBLANC
04131,04124,MONTPEZAT
04146,04217,PERUSSE
04147,04219,PEYRESQ
04153,04204,POIL
04165,04023,REYNIER
04168,04039,ROBION
04185,04046,SAINT-JURSON
04196,04075,SAINT-SYMPHORIEN
04198,04033,SAINT-VINCENT-LES-FORTS
04212,04039,TALOIRE
04213,04167,TANARON
04215,04039,TAULANNE
04221,04084,TREVANS
04223,04102,UBAYE
04225,04234,URTIS
04232,04208,VALSAINTES
04238,04075,VILHOSC
04239,04039,VILLARS-BRANDIS
04243,04043,VILLEVIEILLE
05002,05139,AGNIERES-EN-DEVOLUY
05005,05118,ANTONAVES
05015,05014,BARRET-LE-HAUT
05020,05132,BENEVENT-ET-CHARBILLAC
05030,05145,CHABOTTONNES
05034,05118,CHATEAUNEUF-DE-CHABRE
05041,05064,CLEMENCE-D'AMBEL
05042,05139,CLUSE
05043,05039,COSTES
05067,05132,INFOURNAS
05069,05053,LAGRAND
05083,05070,MONTEGLIN
05088,05024,MONTMORIN
05105,05118,POMET
05125,05061,ROMETTE
05137,05051,SAINT-CYRICE
05138,05139,SAINT-DISDIER
05141,05039,SAINT-EUSEBE-EN-CHAMPSAUR
05143,05053,SAINT-GENIS
05150,05024,SAINTE-MARIE
05175,05101,VALLOUISE
07021,07207,AURIOLLES
07043,07334,BRAHIC
07046,07031,CASTELJAU
07057,07334,CHASSAGNES
07125,07147,LAFIGERE
07164,07334,NAVES
07180,07204,POUZAT
07246,07284,SAINT-JEAN-DE-POURCHARESSE
07271,07270,SAINT-MARTIN-L'INFERIEUR
07320,07147,THINES
08002,08113,ADON
08007,08116,ALLEUX
08009,08311,AMBLIMONT
08012,08437,ANDEVANNE
08050,08437,BARRICOURT
08051,08069,BAY
08054,08319,BEAULIEU
08068,08490,BLAISE
08072,08491,BOSSEVAL-ET-BRIANCOURT
08091,08469,CASSINE
08093,08344,CERLEAU
08108,08081,CHATEAU-REGNAULT-BOGNY
08112,08057,CHATILLON-SUR-BAR
08114,08115,CHEHERY
08118,08490,CHESTRES
08127,08490,CONDE-LES-VOUZIERS
08129,08115,CONNAGE
08157,08105,ETION
08177,08189,FOULZY
08181,08409,FRENOIS
08213,08366,HARDOYE
08221,08169,HAVYS
08224,08240,HERBIGNY
08231,08194,IGES
08241,08024,JUZANCOURT
08253,08081,LEVREZY
08258,08113,LOGNY-LES-CHAUMONT
08261,08116,LOUVERGNY
08265,08366,MAINBRESSON
08266,08366,MAINBRESSY
08267,08145,MAIRY
08270,08115,MALMY
08285,08328,MEILLIER-FONTAINE
08290,08105,MEZIERES
08292,08105,MOHON
08299,08105,MONTCY-SAINT-PIERRE
08337,08362,PARGNY-RESSON
08345,08333,PRIMAT
08359,08437,REMONVILLE
08371,08053,RUBECOURT-ET-LAMECOURT
08414,08370,SERVION
08423,08089,SIVRY-LES-BUZANCY
08441,08198,TERMES
08442,08469,TERRON-LES-VENDRESSE
08443,08490,TERRON-SUR-AISNE
08447,08105,THEUX
08474,08311,VILLEMONTRY
08475,08053,VILLERS-CERNAY
08493,08490,VRIZY
08495,08113,WADIMONT
09010,09188,AMPLAING
09036,09306,BANAT
09112,09107,ENGRAVIES
09144,09059,IRAZEIN
09191,09107,MERVIEL
09248,09299,ROGALLE
09278,09030,SALEIX
09288,09107,SENESSE-DE-SENABUGUE
09317,09062,UCHENTEIN
09333,09223,VIC
09337,09264,VILLENEUVE-DU-BOSC
10001,10289,ABBAYE-SOUS-PLANCY
10016,10174,AUBIGNY
10036,10058,BEAUVOIR-SUR-SARCE
10088,10094,CHASSERICOURT
10152,10084,FONTAINE-LUYERES
10244,10019,MONTANGON
10277,10003,PALIS
10292,10208,PLESSIS-GATEBLED
10311,10148,QUINCEY
10322,10314,ROMAINES
10385,10386,TROUAN-LE-GRAND
10407,10289,VIAPRES-LE-GRAND
10413,10019,VILLEHARDOUIN
10415,10003,VILLEMAUR-SUR-VANNE
11050,11304,BRENAC
11171,11080,GUEYTES-ET-LABASTIDE
11237,11183,MOLIERES-SUR-L'ALBERTE
11349,11128,SAINT-JUST-DE-BELENGARD
11403,11206,VENDEMIES
12005,12223,ALPUECH
12014,12224,AURELLE-VERLAC
12020,12090,BALSAC
12040,12270,BUZEINS
12081,12177,COUSSERGUES
12087,12177,CRUEJOULS
12112,12223,GRAISSAC
12114,12076,GRAND-VABRE
12117,12223,LACALM
12123,12270,LAPANOUSE
12126,12270,LAVERNHE
12132,12257,LOUPIAC
12173,12076,NOAILHAC
12196,12270,RECOULES-PREVINQUIERES
12218,12076,SAINT-CYPRIEN-SUR-DOURDOU
12245,12021,SAINT-SALVADOU
12271,12120,SEVERAC-L'EGLISE
12279,12223,TERRISSE
12285,12021,VABRE-TIZAC
12302,12167,VILLEVAYRE
12304,12223,VITRAC-EN-VIADENE
12306,12056,VORS
13201,13055,MARSEILLE 1ER ARRONDISSEMENT
13202,13055,MARSEILLE 2E ARRONDISSEMENT
13203,13055,MARSEILLE 3E ARRONDISSEMENT
13204,13055,MARSEILLE 4E ARRONDISSEMENT
13205,13055,MARSEILLE 5E ARRONDISSEMENT
13206,13055,MARSEILLE 6E ARRONDISSEMENT
13207,13055,MARSEILLE 7E ARRONDISSEMENT
13208,13055,MARSEILLE 8E ARRONDISSEMENT
13209,13055,MARSEILLE 9E ARRONDISSEMENT
13210,13055,MARSEILLE 10E ARRONDISSEMENT
13211,13055,MARSEILLE 11E ARRONDISSEMENT
13212,13055,MARSEILLE 12E ARRONDISSEMENT
13213,13055,MARSEILLE 13E ARRONDISSEMENT
13214,13055,MARSEILLE 14E ARRONDISSEMENT
13215,13055,MARSEILLE 15E ARRONDISSEMENT
13216,13055,MARSEILLE 16E ARRONDISSEMENT
14004,14281,AIGNERVILLE
14008,14355,AMBLIE
14010,14654,AMMEVILLE
14017,14352,ANNEBECQ
14018,14061,ARCLAIS
14028,14371,AUQUAINVILLE
14029,14371,AUTELS-SAINT-BAZILE
14031,14431,AUTHIEUX-PAPION
14048,14614,BAYNES
14051,14231,BEAUFOUR
14052,14061,BEAULIEU
14056,14027,BAUQUAY
14058,14371,BELLOU
14065,14726,BERNIERES-LE-PATRY
14067,14654,BERVILLE
14071,14527,BIEVILLE-EN-AUGE
14072,14068,BIEVILLE-SUR-ORNE
14073,14579,BIGNE
14074,14005,BILLY
14075,14410,BISSIERES
14081,14654,BOISSEY
14094,14005,BRAY-LA-CAMPAGNE
14095,14200,BRECY
14099,14654,BRETTEVILLE-SUR-DIVES
14105,14576,BREVIERE
14108,14335,BROCOTTES
14109,14098,BROUAY
14112,14266,BULLY
14113,14726,BURCY
14114,14712,BURES-SUR-DIVES
14115,14061,BURES-LES-MONTS
14128,14027,CAMPANDRE-VALCONGRAIN
14129,14061,CAMPEAUX
14133,14431,CANON
14139,14061,CARVILLE
14142,14342,CASTILLY
14144,14689,CAUMONT-SUR-ORNE
14148,14371,CERQUEUX
14151,14658,CHAMP-DU-BOULT
14152,14174,CHAPELLE-ENGERBOLD
14153,14576,CHAPELLE-HAUTE-GRUE
14154,14570,CHAPELLE-YVON
14155,14371,CHEFFREVILLE-TONNENCOURT
14156,14726,CHENEDOLLE
14157,14098,CHEUX
14158,14456,CHICHEBOVILLE
14164,14349,CLINCHAMPS-SUR-ORNE
14170,14014,COLOMBY-SUR-THAON
14176,14005,CONTEVILLE
14178,14474,CORBON
14186,14406,COULOMBS
14187,14762,COULONCES
14188,14579,COULVAIN
14189,14431,COUPESARTE
14192,14658,COURSON
14199,14621,CRESSONNIERE
14201,14431,CREVECUR-EN-AUGE
14208,14431,CROISSANVILLE
14210,14371,CROUPTE
14212,14406,CULLY
14213,14689,CURCY-SUR-ORNE
14217,14672,DAMPIERRE
14219,14027,DANVOU-LA-FERRIERE
14222,14726,DESERT
14233,14431,ECAJEUL
14234,14654,ECOTS
14235,14281,ECRAMMEVILLE
14247,14735,ESCURES-SUR-FAVIERES
14253,14726,ESTRY
14255,14061,ETOUVY
14259,14371,FAMILLY
14262,14061,FERRIERE-AU-DOYEN
14263,14027,FERRIERE-DUVAL
14264,14061,FERRIERE-HARANG
14265,14371,FERVAQUES
14267,14011,FEUGUEROLLES-SUR-SEULLES
14268,14005,FIERVILLE-BRAY
14279,14658,FONTENERMONT
14292,14740,FRIARDEL
14295,14654,GARNETOT
14296,14658,GAST
14313,14431,GRANDCHAMP-LE-CHATEAU
14314,14654,GRANDMESNIL
14315,14126,GRANDOUET
14317,14061,GRAVERIE
14321,14735,GRISY
14323,14335,HAM
14324,14689,HAMARS
14330,14371,HEURTEVENT
14331,14654,HIEVILLE
14340,14515,HUPPAIN
14350,14672,LANDE-SUR-DROME
14351,14762,LANDE-VAUMONT
14356,14543,LASSON
14359,14431,LECAUDE
14361,14174,LENAULT
14363,14654,LIEURY
14372,14143,LIVRY
14373,14475,LOCHEUR
14376,14011,LONGRAYE
14382,14281,LOUVIERES
14386,14431,MAGNY-LA-CAMPAGNE
14387,14431,MAGNY-LE-FREULE
14388,14762,MAISONCELLES-LA-JOURDAN
14392,14312,MAISY
14395,14061,MALLOUE
14413,14347,MESNIL-AUZOUF
14414,14371,MESNIL-BACLEY
14415,14658,MESNIL-BENOIST
14416,14658,MESNIL-CAUSSOIS
14417,14658,MESNIL-CLINCHAMPS
14418,14371,MESNIL-DURAND
14420,14371,MESNIL-GERMAIN
14422,14431,MESNIL-MAUGER
14423,14098,MESNIL-PATRY
14428,14342,MESTRY
14429,14371,MEULLES
14432,14475,MISSY
14433,14654,MITTOIS
14434,14370,MOLAY
14440,14061,MONTAMY
14441,14061,MONT-BERTRAND
14442,14726,MONTCHAMP
14443,14061,MONTCHAUVET
14444,14431,MONTEILLE
14447,14654,MONTPINCON
14450,14654,MONTVIETTE
14451,14735,MORIERES
14459,14371,MOUTIERS-HUBERT
14462,14342,NEUILLY-LA-FORET
14463,14721,NEUILLY-LE-MALHERBE
14464,14762,NEUVILLE
14470,14610,NORREY-EN-BESSIN
14471,14371,NOTRE-DAME-DE-COURSON
14472,14654,OUDON
14477,14027,ONDEFONTAINE
14479,14011,ORBOIS
14481,14342,OUBEAUX
14485,14764,OUILLY-LE-BASSET
14489,14654,OUVILLE-LA-BIEN-TOURNEE
14490,14143,PARFOURU-L'ECLIN
14493,14431,PERCY-EN-AUGE
14503,14726,PIERRES
14507,50592,PLEINES-UVRES
14508,14027,PLESSIS-GRIMOULT
14513,50649,PONT-FARCY
14517,14005,POUSSY-LA-CAMPAGNE
14518,14371,PREAUX-SAINT-SEBASTIEN
14521,14726,PRESLES
14523,14174,PROUSSY
14525,14098,PUTOT-EN-BESSIN
14526,14011,QUESNAY-GUESNON
14532,14061,RECULEY
14537,14046,ROBEHOMME
14539,14726,ROCQUE
14544,14027,ROUCAMPS
14545,14762,ROULLOURS
14548,14406,RUCQUEVILLE
14549,14726,RULLY
14551,14591,RUSSY
14553,14037,SAINT-AGNAN-LE-MALHERBE
14560,14231,SAINT-AUBIN-LEBIZAY
14561,14126,SAINT-AUBIN-SUR-ALGOT
14564,14726,SAINT-CHARLES-DE-PERCY
14567,14431,SAINT-CRESPIN
14568,14098,SAINTE-CROIX-GRAND-TONNE
14573,14061,SAINT-DENIS-MAISONCELLES
14577,14200,SAINT-GABRIEL-BRECY
14580,14654,SAINT-GEORGES-EN-AUGE
14581,14011,SAINT-GERMAIN-D'ECTOT
14583,14576,SAINT-GERMAIN-DE-MONTGOMMERY
14584,14762,SAINT-GERMAIN-DE-TALLEVENDE-LA-LANDE-VAUMONT
14585,14174,SAINT-GERMAIN-DU-CRIOULT
14594,14366,SAINT-JACQUES
14596,14672,SAINT-JEAN-DES-ESSARTIERS
14597,14357,SAINT-JEAN-LE-BLANC
14599,14570,SAINT-JULIEN-DE-MAILLOC
14600,14431,SAINT-JULIEN-LE-FAUCON
14608,14527,SAINT-LOUP-DE-FRIBOIS
14611,14658,SAINT-MANVIEU-BOCAGE
14612,14764,SAINT-MARC-D'OUILLY
14615,14371,SAINTE-MARGUERITE-DES-LOGES
14616,14654,SAINTE-MARGUERITE-DE-VIETTE
14617,14431,SAINTE-MARIE-AUX-ANGLAIS
14618,14061,SAINTE-MARIE-LAUMONT
14624,14654,SAINT-MARTIN-DE-FRESNAY
14628,14689,SAINT-MARTIN-DE-SALLEN
14629,14061,SAINT-MARTIN-DES-BESACES
14631,14762,SAINT-MARTIN-DE-TALLEVENDE
14632,14061,SAINT-MARTIN-DON
14633,14371,SAINT-MARTIN-DU-MESNIL-OURY
14634,14371,SAINT-MICHEL-DE-LIVET
14636,14061,SAINT-OUEN-DES-BESACES
14638,14371,SAINT-OUEN-LE-HOUX
14641,14126,SAINT-PAIR-DU-MONT
14642,14194,SAINT-PAUL-DE-COURTONNE
14647,14570,SAINT-PIERRE-DE-MAILLOC
14653,14174,SAINT-PIERRE-LA-VIEILLE
14655,14061,SAINT-PIERRE-TARENTAINE
14662,14357,SAINT-VIGOR-DES-MEZERETS
14666,14712,SANNERVILLE
14670,14543,SECQUEVILLE-EN-BESSIN
14671,14658,SEPT-FRERES
14673,14011,SERMENTOT
14683,14228,TAILLEVILLE
14686,14726,THEIL-BOCAGE
14688,14654,THIEVILLE
14690,14355,TIERCEVILLE
14693,14570,TORDOUET
14695,14011,TORTEVAL-QUESNAY
14696,14371,TORTISAMBERT
14697,14654,TOTES
14702,14475,TOURNAY-SUR-ODON
14704,14061,TOURNEUR
14717,14762,TRUTTEMER-LE-GRAND
14718,14762,TRUTTEMER-LE-PETIT
14722,14143,VACQUERIE
14725,14333,VASOUY
14727,14035,VAUBADON
14729,14654,VAUDELOGES
14730,14762,VAUDRY
14736,14118,VENOIX
14746,14726,VIESSOIX
14749,14431,VIEUX-FUME
14750,14654,VIEUX-PONT-EN-AUGE
14757,14200,VILLIERS-LE-SEC
14763,14342,VOUILLY
15023,15108,BOURNONCLES
15031,15141,CELLES
15035,15141,CHALINARGUES
15039,15001,CHANET
15044,15138,CHASTEL-SUR-MURAT
15047,15141,CHAVAGNAC
15062,15003,DRIGNAC
15068,15108,FAVEROLLES
15071,15181,FOURNOULES
15099,15142,LAVASTRIE
15109,15153,LOUPIAC
15115,15038,MARCHAL
15145,15142,ORADOUR
15150,15268,PERS
15171,15141,SAINTE-ANASTASIE
15177,15153,SAINT-CHRISTOPHE-LES-GORGES
15193,15113,SAINT-JULIEN-DE-JORDANNE
15195,15108,SAINT-JUST
15197,15108,SAINT-MARC
15210,15202,SAINT-REMY-DE-SALERS
15227,15142,SERIERS
15239,15153,TOURNIAC
16004,16230,AIGNES-ET-PUYPEROUX
16006,16242,AIZECQ
16021,16175,AUBEVILLE
16022,16339,AUGE
16033,16023,BAYERS
16043,16148,BIGNAC
16080,16192,CHANTREZAC
16092,16082,CHAVENAT
16094,16023,CHENOMMET
16115,16046,CRESSAC-SAINT-GENIS
16126,16253,EMBOURIE
16129,16204,ERAVILLE
16159,16297,GRAVES
16172,16082,JUILLAGUET
16179,16224,LAMERAC
16201,16175,MAINFONDS
16219,16242,MESSEUX
16235,16242,MOUTARDON
16247,16204,NONAVILLE
16257,16175,PEREUIL
16262,16286,PLAIZAC
16265,16046,PORCHERESSE
16266,16242,POUGNE
16278,16097,RICHEMONT
16288,16192,ROUMAZIERES
16294,16230,SAINT-AMANT-DE-MONTMOREAU
16296,16300,SAINT-AMANT-DE-BONNIEURE
16299,16193,SAINT-ANDRE
16305,16073,SAINT-CHRISTOPHE-DE-CHALAIS
16309,16300,SAINTE-COLOMBE
16311,16230,SAINT-CYBARD
16313,16287,SAINT-ESTEPHE
16314,16230,SAINT-EUTROPE
16319,16046,SAINT-GENIS-DE-BLANZAC
16322,16106,SAINT-GERMAIN-DE-CONFOLENS
16324,16242,SAINT-GERVAIS
16327,16028,SAINT-HILAIRE
16328,16230,SAINT-LAURENT-DE-BELZAGOT
16333,16073,SAINTE-MARIE
16367,16073,SERIGNAC
16371,16286,SONNEVILLE
16386,16204,TOUZAC
16407,16198,VILLARS
16417,16204,VIVILLE
17001,17397,AGONNAY
17014,17332,ANTIGNAC
17040,17277,BENATE
17088,17013,CHAPELLE-BATON
17090,17240,CHARDES
17103,17457,CHERVETTES
17123,17397,COULONGE-SUR-CHARENTE
17144,17026,EBEON
17170,17243,GARDE
17238,17295,MOINGS
17251,17282,MOULONS
17352,17457,SAINT-LAURENT-DE-LA-BARRIERE
17368,17043,SAINT-MARTIN-DE-LA-COUDRE
17370,17454,SAINT-MAURICE-DE-LAURENCANNE
17371,17295,SAINT-MAURICE-DE-TAVERNOLE
17392,17160,SAINT-ROMAIN-SUR-GIRONDE
17399,17098,SAINT-SEURIN-D'UZET
17419,17024,SALLES-LES-AULNAY
17456,17240,VALLET
17475,17474,VILLENOUVELLE
19183,19010,SAINT-BAZILE-DE-LA-ROCHE
19197,19275,SAINT-DEZERY
19218,19252,SAINT-JULIEN-PRES-BORT
19224,19034,SAINT-MATHURIN-LEOBAZEL
19267,19275,TOURETTE
19282,19123,VENARSAL
20001,2A001,AFA
20002,2B002,AGHIONE
20003,2B003,AITI
20004,2A004,AJACCIO
20005,2B005,ALANDO
20006,2A006,ALATA
20007,2B007,ALBERTACCE
20008,2A008,ALBITRECCIA
20009,2B009,ALERIA
20010,2B010,ALGAJOLA
20011,2A011,ALTAGENE
20012,2B012,ALTIANI
20013,2B013,ALZI
20014,2A014,AMBIEGNA
20015,2B015,AMPRIANI
20016,2B016,ANTISANTI
20017,2A017,APPIETTO
20018,2A018,ARBELLARA
20019,2A019,ARBORI
20020,2B020,AREGNO
20021,2A021,ARGIUSTA-MORICCIO
20022,2A022,ARRO
20023,2B023,ASCO
20024,2A024,AULLENE
20025,2B025,AVAPESSA
20026,2A026,AZILONE-AMPAZA
20027,2A027,AZZANA
20028,2A028,BALOGNA
20029,2B029,BARBAGGIO
20030,2B030,BARRETTALI
20031,2A031,BASTELICA
20032,2A032,BASTELICACCIA
20033,2B033,BASTIA
20034,2B034,BELGODERE
20035,2A035,BELVEDERE-CAMPOMORO
20036,2B036,BIGORNO
20037,2B037,BIGUGLIA
20038,2A038,BILIA
20039,2B039,BISINCHI
20040,2A040,BOCOGNANO
20041,2A041,BONIFACIO
20042,2B042,BORGO
20043,2B043,BRANDO
20045,2B045,BUSTANICO
20046,2B046,CAGNANO
20047,2B047,CALACUCCIA
20048,2A048,CALCATOGGIO
20049,2B049,CALENZANA
20050,2B050,CALVI
20051,2B051,CAMBIA
20052,2B052,CAMPANA
20053,2B053,CAMPI
20054,2B054,CAMPILE
20055,2B055,CAMPITELLO
20056,2A056,CAMPO
20057,2B057,CANALE-DI-VERDE
20058,2B058,CANARI
20059,2B059,CANAVAGGIA
20060,2A060,CANNELLE
20061,2A061,CARBINI
20062,2A062,CARBUCCIA
20063,2B063,CARCHETO-BRUSTICO
20064,2A064,CARDO-TORGIA
20065,2A065,CARGESE
20066,2A066,CARGIACA
20067,2B067,CARPINETO
20068,2B068,CARTICASI
20069,2B069,CASABIANCA
20070,2A070,CASAGLIONE
20071,2A071,CASALABRIVA
20072,2B072,CASALTA
20073,2B073,CASAMACCIOLI
20074,2B074,CASANOVA
20075,2B075,CASEVECCHIE
20077,2B077,CASTELLARE-DI-CASINCA
20078,2B078,CASTELLARE-DI-MERCURIO
20079,2B079,CASTELLO-DI-ROSTINO
20080,2B080,CASTIFAO
20081,2B081,CASTIGLIONE
20082,2B082,CASTINETA
20083,2B083,CASTIRLA
20084,2B084,CATERI
20085,2A085,CAURO
20086,2B086,CENTURI
20087,2B087,CERVIONE
20088,2B088,CHIATRA
20089,2A089,CIAMANNACCE
20090,2A090,COGGIA
20091,2A091,COGNOCOLI-MONTICCHI
20092,2A092,CONCA
20093,2B093,CORBARA
20094,2A094,CORRANO
20095,2B095,CORSCIA
20096,2B096,CORTE
20097,2B097,COSTA
20098,2A098,COTI-CHIAVARI
20099,2A099,COZZANO
20100,2A100,CRISTINACCE
20101,2B101,CROCE
20102,2B102,CROCICCHIA
20103,2A103,CUTTOLI-CORTICCHIATO
20104,2A104,ECCICA-SUARELLA
20105,2B105,ERBAJOLO
20106,2B106,ERONE
20107,2B107,ERSA
20108,2A108,EVISA
20109,2B109,FARINOLE
20110,2B110,FAVALELLO
20111,2B111,FELCE
20112,2B112,FELICETO
20113,2B113,FICAJA
20114,2A114,FIGARI
20115,2A115,FOCE
20116,2B116,FOCICCHIA
20117,2A117,FORCIOLO
20118,2A118,FOZZANO
20119,2A119,FRASSETO
20120,2B120,FURIANI
20121,2B121,GALERIA
20122,2B122,GAVIGNANO
20123,2B123,GHISONACCIA
20124,2B124,GHISONI
20125,2B125,GIOCATOJO
20126,2B126,GIUNCAGGIO
20127,2A127,GIUNCHETO
20128,2A128,GRANACE
20129,2A129,GROSSA
20130,2A130,GROSSETO-PRUGNA
20131,2A131,GUAGNO
20132,2A132,GUARGUALE
20133,2A133,GUITERA-LES-BAINS
20134,2B134,ILE-ROUSSE
20135,2B135,ISOLACCIO-DI-FIUMORBO
20136,2B136,LAMA
20137,2B137,LANO
20138,2B138,LAVATOGGIO
20139,2A139,LECCI
20140,2B140,LENTO
20141,2A141,LETIA
20142,2A142,LEVIE
20143,2B143,LINGUIZZETTA
20144,2A144,LOPIGNA
20145,2B145,LORETO-DI-CASINCA
20146,2A146,LORETO-DI-TALLANO
20147,2B147,LOZZI
20148,2B148,LUCCIANA
20149,2B149,LUGO-DI-NAZZA
20150,2B150,LUMIO
20152,2B152,LURI
20153,2B153,MANSO
20154,2A154,MARIGNANA
20155,2B155,MATRA
20156,2B156,MAUSOLEO
20157,2B157,MAZZOLA
20158,2A158,MELA
20159,2B159,MERIA
20160,2A160,MOCA-CROCE
20161,2B161,MOITA
20162,2B162,MOLTIFAO
20163,2A163,MONACIA-D'AULLENE
20164,2B164,MONACIA-D'OREZZA
20165,2B165,MONCALE
20166,2B166,MONTE
20167,2B167,MONTEGROSSO
20168,2B168,MONTICELLO
20169,2B169,MOROSAGLIA
20170,2B170,MORSIGLIA
20171,2B171,MURACCIOLE
20172,2B172,MURATO
20173,2B173,MURO
20174,2A174,MURZO
20175,2B175,NESSA
20176,2B176,NOCARIO
20177,2B177,NOCETA
20178,2B178,NONZA
20179,2B179,NOVALE
20180,2B180,NOVELLA
20181,2A181,OCANA
20182,2B182,OCCHIATANA
20183,2B183,OGLIASTRO
20184,2B184,OLCANI
20185,2B185,OLETTA
20186,2A186,OLIVESE
20187,2B187,OLMETA-DI-CAPOCORSO
20188,2B188,OLMETA-DI-TUDA
20189,2A189,OLMETO
20190,2B190,OLMI-CAPPELLA
20191,2A191,OLMICCIA
20192,2B192,OLMO
20193,2B193,OMESSA
20194,2B194,ORTALE
20195,2B195,ORTIPORIO
20196,2A196,ORTO
20197,2A197,OSANI
20198,2A198,OTA
20199,2B199,PALASCA
20200,2A200,PALNECA
20201,2B201,PANCHERACCIA
20202,2B202,PARATA
20203,2A203,PARTINELLO
20204,2A204,PASTRICCIOLA
20205,2B205,PATRIMONIO
20206,2B206,PENTA-ACQUATELLA
20207,2B207,PENTA-DI-CASINCA
20208,2B208,PERELLI
20209,2A209,PERI
20210,2B210,PERO-CASEVECCHIE
20211,2A211,PETRETO-BICCHISANO
20212,2A212,PIANA
20213,2B213,PIANELLO
20214,2B214,PIANO
20215,2A215,PIANOTOLLI-CALDARELLO
20216,2B216,PIAZZALI
20217,2B217,PIAZZOLE
20218,2B218,PIEDICORTE-DI-GAGGIO
20219,2B219,PIEDICROCE
20220,2B220,PIEDIGRIGGIO
20221,2B221,PIEDIPARTINO
20222,2B222,PIE-D'OREZZA
20223,2B223,PIETRALBA
20224,2B224,PIETRACORBARA
20225,2B225,PIETRA-DI-VERDE
20226,2B226,PIETRASERENA
20227,2B227,PIETRICAGGIO
20228,2A228,PIETROSELLA
20229,2B229,PIETROSO
20230,2B230,PIEVE
20231,2B231,PIGNA
20232,2A232,PILA-CANALE
20233,2B233,PINO
20234,2B234,PIOBETTA
20235,2B235,PIOGGIOLA
20236,2B236,POGGIO-DI-NAZZA
20238,2B238,POGGIO-DI-VENACO
20239,2B239,POGGIO-D'OLETTA
20240,2A240,POGGIOLO
20241,2B241,POGGIO-MARINACCIO
20242,2B242,POGGIO-MEZZANA
20243,2B243,POLVEROSO
20244,2B244,POPOLASCA
20245,2B245,PORRI
20246,2B246,PORTA
20247,2A247,PORTO-VECCHIO
20248,2B248,PRATO-DI-GIOVELLINA
20249,2A249,PROPRIANO
20250,2B250,PRUNELLI-DI-CASACCONI
20251,2B251,PRUNELLI-DI-FIUMORBO
20252,2B252,PRUNO
20253,2A253,QUASQUARA
20254,2A254,QUENZA
20255,2B255,QUERCITELLO
20256,2B256,RAPAGGIO
20257,2B257,RAPALE
20258,2A258,RENNO
20259,2A259,REZZA
20260,2B260,RIVENTOSA
20261,2B261,ROGLIANO
20262,2A262,ROSAZIA
20263,2B263,ROSPIGLIANI
20264,2B264,RUSIO
20265,2B265,RUTALI
20266,2A266,SALICE
20267,2B267,SALICETO
20268,2A268,SAMPOLO
20269,2A269,SARI-SOLENZARA
20270,2A270,SARI-D'ORCINO
20271,2A271,SARROLA-CARCOPINO
20272,2A272,SARTENE
20273,2B273,SCATA
20274,2B274,SCOLCA
20275,2B275,SERMANO
20276,2A276,SERRA-DI-FERRO
20277,2B277,SERRA-DI-FIUMORBO
20278,2A278,SERRA-DI-SCOPAMENE
20279,2A279,SERRIERA
20280,2B280,SILVARECCIO
20281,2B281,SISCO
20282,2A282,SOCCIA
20283,2B283,SOLARO
20284,2A284,SOLLACARO
20285,2A285,SORBOLLANO
20286,2B286,SORBO-OCAGNANO
20287,2B287,SORIO
20288,2A288,SOTTA
20289,2B289,SOVERIA
20290,2B290,SPELONCATO
20291,2B291,STAZZONA
20292,2B292,SANT'ANDREA-DI-BOZIO
20293,2B293,SANT'ANDREA-DI-COTONE
20295,2A295,SANT'ANDREA-D'ORCINO
20296,2B296,SANT'ANTONINO
20297,2B297,SAN-DAMIANO
20298,2B298,SAINT-FLORENT
20299,2B299,SAN-GAVINO-D'AMPUGNANI
20300,2A300,SAN-GAVINO-DI-CARBINI
20301,2B301,SAN-GAVINO-DI-TENDA
20302,2B302,SAN-GIOVANNI-DI-MORIANI
20303,2B303,SAN-GIULIANO
20304,2B304,SAN-LORENZO
20305,2B305,SAN-MARTINO-DI-LOTA
20306,2B306,SANTA-LUCIA-DI-MERCURIO
20307,2B307,SANTA-LUCIA-DI-MORIANI
20308,2A308,SAINTE-LUCIE-DE-TALLANO
20309,2B309,SANTA-MARIA-DI-LOTA
20310,2A310,SANTA-MARIA-FIGANIELLA
20311,2B311,SANTA-MARIA-POGGIO
20312,2A312,SANTA-MARIA-SICHE
20313,2B313,SAN-NICOLAO
20314,2B314,SANTO-PIETRO-DI-TENDA
20315,2B315,SANTO-PIETRO-DI-VENACO
20316,2B316,SANTA-REPARATA-DI-BALAGNA
20317,2B317,SANTA-REPARATA-DI-MORIANI
20318,2B318,TAGLIO-ISOLACCIO
20319,2B319,TALASANI
20320,2B320,TALLONE
20321,2B321,TARRANO
20322,2A322,TASSO
20323,2A323,TAVACO
20324,2A324,TAVERA
20326,2A326,TOLLA
20327,2B327,TOMINO
20328,2B328,TOX
20329,2B329,TRALONCA
20330,2A330,UCCIANI
20331,2A331,URBALACONE
20332,2B332,URTACA
20333,2B333,VALLECALLE
20334,2B334,VALLE-D'ALESANI
20335,2B335,VALLE-DI-CAMPOLORO
20336,2A336,VALLE-DI-MEZZANA
20337,2B337,VALLE-DI-ROSTINO
20338,2B338,VALLE-D'OREZZA
20339,2B339,VALLICA
20340,2B340,VELONE-ORNETO
20341,2B341,VENACO
20342,2B342,VENTISERI
20343,2B343,VENZOLASCA
20344,2B344,VERDESE
20345,2A345,VERO
20346,2B346,VESCOVATO
20347,2B347,VEZZANI
20348,2A348,VICO
20349,2A349,VIGGIANELLO
20350,2B350,VIGNALE
20351,2A351,VILLANOVA
20352,2B352,VILLE-DI-PARASO
20353,2B353,VILLE-DI-PIETRABUGNO
20354,2B354,VIVARIO
20355,2B355,VOLPAJOLA
20356,2B356,ZALANA
20357,2A357,ZERUBIA
20358,2A358,ZEVACO
20359,2A359,ZICAVO
20360,2A360,ZIGLIARA
20361,2B361,ZILIA
20362,2A362,ZONZA
20363,2A363,ZOZA
20364,2B364,ZUANI
20365,2B365,SAN-GAVINO-DI-FIUMORBO
20366,2B366,CHISA
21019,21060,ARCON
21174,21461,CIREY
21188,21464,CONCUR-ET-CORBOIN
21206,21158,COURCHAMP
21318,21327,IVRY-EN-MONTAGNE
21443,21433,MORNAY
21453,21304,NEUVELLE-LES-GRANCEY
21509,21506,PRISSEY
21551,21084,SAINT-GERMAIN-SOURCE-SEINE
21654,21408,VANTOUX-LES-DIJON
21658,21195,VAUCHIGNON
21668,21667,VERONNES-LES-PETITES
21697,21433,VILLENEUVE-SUR-VINGEANNE
22007,22055,BINIC
22010,22266,BONEN
22017,22113,BRELEVENEZ
22022,22113,BUHULIEN
22051,22084,DOLO
22058,22183,FERRIERE
22066,22046,GOURAY
22080,22203,HERMITAGE-LORGE
22089,22162,KERITY
22102,22046,LANGOURLA
22120,22030,LANVEZEAC
22123,22050,LEHON
22125,22084,LESCOUET-JUGON
22130,22113,LOGUIVY-LES-LANNION
22142,22093,MAROUE
22151,22093,MESLIN
22159,22282,NOTRE-DAME-DU-GUILDO
22167,22107,PERRET
22191,22046,PLESSALA
22192,22209,PLESSIX-BALISSON
22230,22162,PLOUNEZ
22252,22093,POTERIE
22270,22093,SAINT-AARON
22290,22107,SAINT-GELVEN
22292,22046,SAINT-GILLES-DU-MENE
22297,22046,SAINT-GOUENO
22298,22158,SAINT-GUEN
22301,22084,SAINT-IGNEUC
22303,22046,SAINT-JACUT-DU-MENE
22329,22118,SAINT-SOLEN
22336,22113,SERVEL
22355,22093,TREGOMAR
22357,22209,TREGON
22367,22251,TREMELOIR
22374,22118,TRESSAINT
22382,22190,TRIGAVOU
23085,23093,FORGES
23094,23093,GOUZOUGNAT
23135,23227,MORTEROLLES
23153,23090,PIGEROLLES
23161,23149,RIMONDEIX
23163,23220,ROCHETTE
23231,23192,SAINT-PIERRE-DE-FURSAC
23256,23067,TRUCQ
24003,24082,AILLAC
24013,24053,ATUR
24017,24303,AURIAC-DE-BOURZAC
24033,24253,BEAUSSAC
24041,24087,BEZENAC
24044,24026,BLIS-ET-BORN
24047,24147,BOISSIERE-D'ANS
24049,24028,BORN-DE-CHAMPS
24065,24312,BREUILH
24072,24068,CADOUIN
24078,24520,CANEDA
24092,24362,CENDRIEUX
24093,24554,CERCLES
24099,24253,CHAMPEAUX-ET-LA-CHAPELLE-POMMIER
24103,24026,CHANGE
24112,24086,CHAPELLE-PECHAUD
24118,24316,CHENAUD
24125,24167,COGULOT
24149,24068,CUSSAC
24166,24026,EYLIAC
24169,24516,EYVIGNES-ET-EYBENES
24173,24168,FALGUEYRAT
24178,24490,FESTALEMPS
24185,24035,FONGALOP
24187,24263,FONTENILLES-D'AIGUEPARSE
24201,24260,GRAND-CASTANG
24203,24253,GRAULGES
24204,24117,GREZES
24219,24028,LABOUQUERIE
24235,24253,LEGUILLAC-DE-CERCLES
24239,24540,LIGUEUX
24250,24168,MANDACOU
24258,24312,MARSANEIX
24265,24294,MENESTEROL-MONTIGNAC
24270,24026,MILHAC-D'AUBEROCHE
24275,24549,MONBOS
24283,24253,MONSEC
24298,24142,MOUZENS
24310,24028,NOJALS-ET-CLOTTE
24315,24068,PALEYRAC
24332,24335,PONCHAPT
24333,24216,PONTEYRAUD
24342,24549,PUYGUILHEM
24343,24376,PUYMANGOU
24344,24253,PUYRENIER
24358,24167,ROUQUETTE
24363,24035,SAINT-AMAND-DE-BELVES
24368,24490,SAINT-ANTOINE-CUMOND
24369,24026,SAINT-ANTOINE-D'AUBEROCHE
24387,24356,SAINT-CERNIN-DE-REILLAC
24400,24585,SAINT-ETIENNE-DES-LANDES
24430,24064,SAINT-JULIEN-DE-BOURDEILLES
24435,24362,SAINT-LAURENT-DES-BATONS
24439,24053,SAINT-LAURENT-SUR-MANOIRE
24440,24229,SAINT-LAZARE
24447,24053,SAINTE-MARIE-DE-CHIGNAC
24467,24354,SAINT-MICHEL-DE-RIVIERE
24469,24354,SAINT-MICHEL-L'ECLUSE-ET-LEPARON
24475,24147,SAINT-PANTALY-D'ANS
24497,24028,SAINTE-SABINE-BORN
24503,24253,SAINT-SULPICE-DE-MAREUIL
24506,24167,SAINT-SULPICE-D'EYMET
24539,24172,SIREUIL
24556,24263,TRAPPE
24578,24338,VICQ
24579,24253,VIEUX-MAREUIL
24583,24547,VILLEDIEU
25010,25223,ALAISE
25023,25575,ARCIER
25028,25424,ATHOSE
25034,25035,AUXON-DESSOUS
25037,25036,AVENEY
25064,25433,BLANCHEFONTAINE
25068,25313,BOIS-LA-VILLE
25069,25527,BOISMURIE
25076,25434,BONNEVAUX-LE-PRIEURE
25080,25486,BOUJEONS
25081,25127,BOULOIS
25118,25047,CHAMPVANS-LES-BAUME
25123,25222,CHARBONNIERES-LES-SAPINS
25128,25424,CHASNANS
25135,25138,CHATILLON-SOUS-MAICHE
25137,25368,CHAUDEFONTAINE
25144,25505,CHAZELOT
25146,25101,CHAZOY
25158,25524,COLOMBIER-CHATELOT
25165,25101,CORDIRON
25167,25374,COTTIER
25168,25223,COULANS-SUR-LIZON
25169,25138,COURCELLES-LES-CHATILLON
25205,25223,DOULAIZE
25206,25051,DROITFONTAINE
25260,25392,FRIOLAIS
25272,25018,GLAINANS
25291,25417,GRANGES-DE-VIENNEY
25292,25334,GRANGES-MAILLOT
25294,25320,GRANGES-SAINTE-MARIE
25302,25424,HAUTEPIERRE-LE-CHATELET
25319,25334,LABERGEMENT-DU-NAVOIS
25337,25357,LIEVREMONT
25352,25288,LUISANS
25353,25468,LUSANS
25358,25537,MAISIERES-NOTRE-DAME
25363,25187,MAMBOUHANS
25396,25505,MONTFERNEY
25399,25460,MONTFORT
25407,25275,MONTURSIN
25409,25505,MORCHAMPS
25412,25519,MOUILLEVILLERS
25423,25138,NEUVIER
25480,25424,RANTECHAUX
25484,25223,REFRANCHE
25509,25438,ROUTELLE
25530,25529,SANCEY-LE-LONG
25531,25156,SANTOCHE
25543,25385,SERVIGNEY
25568,25018,TOURNEDOZ
25576,25575,VAIRE-LE-PETIT
25577,25485,VAIVRE
25581,25212,VALENTIN
25585,25424,VANCLANS
25587,25078,VAUCHAMPS
25593,25147,VAUX-LES-PRES
25603,25463,VERMONDANS
25606,25275,VERNOIS-LE-FOL
25610,25222,VERRIERES-DU-GROSBOIS
25636,25601,VILLEDIEU-LE-CAMP
26029,26136,BATIE-CREMEZIN
26044,26276,BECONNE
26053,26055,BONNEVAL-EN-DIOIS
26109,26354,CREYERS
26120,26128,ESCOULIN
26132,26199,FARE
26151,26262,JANSAC
26158,26091,LAUX-MONTAUX
26187,26001,MOLIERES-GLANDAZ
26230,26321,PETIT-PARIS
26237,26136,PILHON
26260,26055,RAVEL-ET-FERRIERS
26265,26020,REPARA
26280,26365,ROCHETTE-SUR-CREST
26366,26179,VEAUNES
27007,27049,AJOU
27024,27198,RONCENAY-AUTHENAY
27029,27025,AUTHOUILLET
27030,27427,AUVERGNY
27041,27049,BARRE-EN-OUCHE
27058,27676,BERNIERES-SUR-SEINE
27060,27213,BERTHENONVILLE
27080,27416,BOISSY-SUR-DAMVILLE
27084,27105,BOSC-BENARD-COMMIN
27086,27105,BOSCHERVILLE
27087,27138,BOSC-MOREL
27088,27049,BOSC-RENOULT-EN-OUCHE
27092,27062,BOSGUERARD-DE-MARCOUVILLE
27093,27090,BOSNORMAND
27121,27213,BUS-SAINT-REMY
27122,27213,CAHAIGNES
27128,27213,CANTIERS
27131,27425,CARSIX
27145,27157,CHANTELOUP
27150,27554,CHAPELLE-REANVILLE
27159,27112,CINTRAY
27160,27213,CIVIERES
27166,27198,CONDE-SUR-ITON
27172,27032,CORNEUIL
27178,27693,COULONGES
27186,27416,CRETON
27195,27578,DAME-MARIE
27197,27213,DAMPSMESNIL
27211,27191,ECARDENVILLE-SUR-EURE
27221,27049,EPINAY
27223,27085,EPREVILLE-EN-ROUMOIS
27225,27157,ESSARTS
27236,27106,FAVEROLLES-LES-MARES
27244,27085,FLANCOURT-CATELON
27250,27191,FONTAINE-HEUDEBOURG
27253,27425,FONTAINE-LA-SORET
27255,27213,FONTENAY-EN-VEXIN
27257,27213,FORET-LA-FOLIE
27262,27213,FOURGES
27264,27213,FOURS-EN-VEXIN
27265,27679,FRANCHEVILLE
27268,27447,FRESNE
27272,27096,FRETILS
27274,27294,GAILLARDBOIS-CRESSENVILLE
27283,27049,GISAY-LA-COUDRE
27292,27049,GOUTTIERES
27293,27198,GOUVILLE
27296,27049,GRANCHAIN
27303,27565,GUERNANVILLE
27305,27112,GUEROULDE
27308,27213,GUITRY
27314,27331,HARICOURT
27328,27297,HELLENVILLIERS
27344,27062,HOULBEC-PRES-LE-GROS-THEIL
27352,27105,INFREVILLE
27356,27049,JONQUERETS-DE-LIVET
27357,27415,JOUVEAUX
27362,27049,LANDEPEREUSE
27387,27198,MANTHELON
27402,27447,MESNIL-HARDRAY
27409,27198,MINIERES
27443,27528,NOTRE-DAME-DU-VAUDREUIL
27449,27213,PANILLEUSE
27450,27206,PANLATTE
27452,27425,PERRIERS-LA-CAMPAGNE
27461,27003,PLANCHES
27479,27153,PROVEMONT
27484,27277,QUESSIGNY
27494,27198,RONCENAY
27499,27049,ROUSSIERE
27503,27198,SACQ
27506,27011,SAINT-AMAND-DES-HAUTES-TERRES
27509,27414,SAINT-AQUILIN-D'AUGERONS
27510,27448,SAINT-AQUILIN-DE-PACY
27513,27049,SAINT-AUBIN-DES-HAYES
27515,27049,SAINT-AUBIN-LE-GUICHARD
27519,27022,SAINTE-BARBE-SUR-GAILLON
27526,27107,SAINTE-CROIX-SUR-AIZIER
27532,27157,SAINT-DENIS-DU-BEHELAN
27549,27467,SAINT-GERMAIN-VILLAGE
27559,27361,SAINT-LEGER-SUR-BONNEVILLE
27566,27049,SAINTE-MARGUERITE-EN-OUCHE
27573,27578,SAINT-NICOLAS-D'ATTEZ
27574,27302,SAINT-NICOLAS-DU-BOSC
27575,27129,SAINT-NICOLAS-DU-BOSC-L'ABBE
27583,27533,SAINT-PAER
27585,27467,SAINT-PAUL-SUR-RISLE
27588,27554,SAINT-PIERRE-D'AUTILS
27596,27049,SAINT-PIERRE-DU-MESNIL
27619,27424,SEEZ-MESNIL
27626,27089,THEILLEMENT
27628,27049,THEVRAY
27634,27032,THOMER-LA-SOGNE
27636,27638,THUIT-ANGER
27637,27105,THUIT-HEBERT
27639,27638,THUIT-SIMER
27642,27290,TILLEUL-OTHON
27647,27676,TOSNY
27648,27412,TOSTES
27651,27471,TOURNEDOS-SUR-SEINE
27653,27213,TOURNY
27657,27089,TOUVILLE
27675,27096,VAUX-SUR-RISLE
27687,27022,VIEUX-VILLEZ
27688,27693,VILLALET
28011,28023,ARMENONVILLE-LES-GATINEAUX
28017,28103,AUTHEUIL
28020,28406,BAIGNOLET
28042,28015,BLEURY
28043,28226,BLEVY
28044,28012,BOISGASSON
28066,28127,BULLOU
28069,28185,CHAMPAGNE
28083,28103,CHARRAY
28093,28012,CHATILLON-EN-DUNOIS
28097,28393,CHENE-CHENU
28101,28330,CIVRY
28115,28012,COURTALAIN
28125,28226,DAMPIERRE-SUR-BLEVY
28131,91016,DOMMERVILLE
28133,28103,DOUY
28138,28393,ECUBLE
28145,28406,FAINS-LA-FOLIE
28150,28103,FERTE-VILLENEUIL
28152,28226,FEUILLEUSE
28174,28386,GATELLES
28179,28406,GERMIGNONVILLE
28181,28393,GIRONVILLE-ET-NEUVILLE
28186,28183,GRANDVILLE-GAUDREVILLE
28204,28012,LANGEY
28224,28330,LUTZ-EN-DUNOIS
28228,28120,MAINTERNE
28238,28360,MARVILLE-LES-BOIS
28241,28103,MEE
28244,28002,MERVILLIERS
28250,28127,MEZIERES-AU-PERCHE
28258,28422,MONTAINVILLE
28262,28103,MONTIGNY-LE-GANNELON
28266,28168,MONTLOUET
28288,28183,ORLU
28295,28330,OZOIR-LE-BREUIL
28297,28383,PEZY
28307,28056,PROUAIS
28318,28103,ROMILLY-SUR-AIGRE
28320,28422,ROUVRAY-SAINT-FLORENTIN
28328,28393,SAINT-CHERON-DES-CHAMPS
28338,28034,SAINT-GERMAIN-LA-GATINE
28340,28103,SAINT-HILAIRE-SUR-YERRE
28345,28048,SAINT-LOUP
28356,28012,SAINT-PELLERIN
28361,28015,SAINT-SYMPHORIEN-LE-CHATEAU
28381,28373,TARDAIS
28384,28393,THEUVY-ACHERES
28399,28279,VACHERESSES-LES-BASSES
28402,28254,VERIGNY
28413,28373,VILLE-AUX-NONAINS
28416,28422,VILLENEUVE-SAINT-NICOLAS
28420,28120,VITRAY-SOUS-BREZOLLES
29009,29039,BEUZEC-CONQ
29050,29232,ERGUE-ARMEL
29052,29003,ESQUIBIEN
29088,29232,KERFEUNTEUN
29092,29241,KERNEVEL
29096,29019,LAMBEZELLEC
29118,29039,LANRIEC
29121,29221,LARRET
29127,29266,LOC-EGUINER-SAINT-THEGONNEC
29138,29302,LOGONNA-QUIMERCH
29149,29076,MILIZAC
29154,29217,NIZON
29157,29232,PENHARS
29164,29046,PLOARE
29194,29024,PLOUGUER
29200,29151,PLOUJEAN
29203,29021,PLOUNEOUR-TREZ
29223,29046,POULDAVID-SUR-MER
29231,29302,QUIMERCH
29242,29053,RUMENGOL
29253,29019,SAINT-MARC
29258,29019,SAINT-PIERRE-QUILBIGNON
29283,29046,TREBOUL
2A237,2A308,POGGIO-DI-TALLANO
2A294,2A308,SANT'ANDREA-DI-TALLANO
2A325,2A249,TIVOLAGGIO
2B044,2B063,BRUSTICO
2B076,2B167,CASSANO
2B151,2B167,LUNGHIGNANO
30063,30058,CAMBO
30078,30325,CEZAS
30118,30037,FOUSSIGNARGUES
31016,31085,ARGUT-DESSUS
31154,31085,COULEDOUX
31214,31144,GAUD
31257,31287,LACASSE
31307,31412,LUNAX
31438,31277,PRADERE-LES-BOURGUETS
32006,32348,ARCAMONT
32011,32426,ARTIGUEDIEU
32137,32268,GARBIC
32168,32079,LABARRERE
32179,32462,LAGRAULAS
32259,32065,MONBERT
33041,33042,BELIET
33091,33268,CANTENAC
33107,33106,CASTILLON-DE-CASTETS
33110,33063,CAUDERAN
33217,33341,LAFOSSE
33265,33339,MARCAMPS
33286,33342,MONBADON
33313,33290,PARSAC
33340,33506,PUCH
33368,33287,SAINT-ANDRE-DU-GARN
33371,33018,SAINT-ANTOINE
33410,33290,SAINT-GEORGES
33430,33506,SAINT-LEGER-DE-VIGNAGUE
33455,33378,SAINT-NAZAIRE
33469,33506,SAINT-ROMAIN-DE-VIGNAGUE
33495,33018,SALIGNAC
33497,33175,SALLEBRUNEAU
34275,34186,SAINT-MARTIN-DES-COMBES
35020,35130,BAZOUGES-SOUS-HEDE
35036,35064,BRAIN-SUR-VILAINE
35043,35068,BROONS-SUR-VILAINE
35048,35168,CAMPEL
35073,35206,CHATILLON-SUR-SEICHE
35074,35096,CHAUMERE
35083,35191,COGLES
35129,35176,GUIPRY
35158,35060,LOU-DU-LAC
35182,35240,MOIGNE
35209,35069,OSSE
35213,35288,PARAME
35254,35069,SAINT-AUBIN-DU-PAVAIL
35267,35257,SAINT-ETIENNE-EN-COGLES
35298,35068,SAINT-MELAINE
35313,35288,SAINT-SERVAN-SUR-MER
35323,35191,SELLE-EN-COGLES
35349,35069,VENEFFLES
36039,36070,CHANTOME
36151,36229,PARPECAY
36183,36229,SAINTE-CECILE
36201,36093,SAINT-MARTIN-DE-LAMPS
36245,36202,VILLERS-LES-ORMES
37017,37115,BALESMES
37102,37123,ESSARDS
37120,37232,INGRANDES-DE-TOURAINE
37135,37021,LOUESTAULT
37164,37163,NEGRON
37209,37254,SAINT-BAULD
37215,37003,SAINT-DENIS-HORS
37227,37232,SAINT-MICHEL-SUR-LOIRE
37235,37261,SAINTE-RADEGONDE-EN-TOURAINE
37239,37261,SAINT-SYMPHORIEN
38007,38524,ALLIERES-ET-RISSET
38014,38297,ARANDON
38021,38225,AUTRANS
38024,38152,BADINIERES
38028,38001,BATIE-DIVISIN
38079,69270,CHAPONNAY
38088,69271,CHASSIEU
38096,38085,CHAVAGNEUX-MONTBERTAND
38119,69299,COLOMBIER-SAUGNIEU
38122,69272,COMMUNAY
38123,69273,CORBAS
38125,38456,CORDEAC
38142,38543,CURTIN
38143,69275,DECINES-CHARPIEU
38145,38359,DIONAY
38164,69276,FEYZIN
38165,38001,FITILIEU
38168,38315,FOLATIERE
38178,69277,GENAS
38196,38053,JALLIEU
38201,69279,JONAGE
38202,69280,JONS
38220,69281,MARENNES
38227,38139,MEPIEU
38233,69282,MEYZIEU
38234,69283,MIONS
38251,38348,MONTCEAU
38262,38439,MORETEL-DE-MAILLES
38305,38292,PIN
38312,38407,POMMIERS-LA-PLACETTE
38327,69285,PUSIGNAN
38371,69287,SAINT-BONNET-DE-MURE
38385,38226,SAINT-GENIS
38411,69288,SAINT-LAURENT-DE-MURE
38441,69289,SAINT-PIERRE-DE-CHANDIEU
38447,69290,SAINT-PRIEST
38461,69291,SAINT-SYMPHORIEN-D'OZON
38477,38224,SAVEL
38482,69294,SEREZIN-DU-RHONE
38491,69295,SIMANDRES
38493,69296,SOLAIZE
38502,69297,TERNAY
38506,38022,THUELLIN
38510,69298,TOUSSIEU
38534,38253,VENOSC
38541,38022,VEYRINS-THUELLIN
39005,39385,ABERGEMENT-SAINT-JEAN
39012,25527,ANTORPE
39023,39378,AUBEPIN
39033,39198,AZANS
39036,39209,BALME-D'EPY
39044,39022,BEAUVOISIN
39064,39576,BONNAUD
39067,39049,BOUCHAUD
39069,39485,BOURCIA
39071,39397,BOURGET
39082,39018,CEFFIA
39087,39370,CERTEMERY
39098,39133,CHAMPAGNY
39123,39290,CHATONNAY
39125,39478,CHAUMONT
39135,39378,CHAZELLES
39144,39478,CHEVRY
39148,39016,CHISSERIA
39152,39478,CINQUETRAL
39158,39530,COISIA
39161,39331,COMMUNAILLES-EN-MONTAGNE
39181,39493,CRILLAT
39186,39491,CUTTURA
39195,39273,DESSIA
39212,39331,ESSAVILLY
39213,39329,ESSERVAL-COMBE
39215,39021,ESSIA
39224,39290,FETIGNY
39226,39209,FLORENTIA
39231,39436,FONTENY
39242,39331,FROIDEFONTAINE
39243,39577,FROIDEVILLE
39256,39198,GOUX
39257,39561,GRAND-CHATEL
39260,39177,GRANGES-SUR-BAUME
39264,39576,GRUSSE
39276,39209,LANERIA
39294,39368,LEZAT
39303,39485,LOUVENNE
39309,39537,MALLEREY
39311,39504,MARANGEA
39316,39188,MARPAIN
39332,39177,MIREBEL
39340,39329,MOLPRE
39341,39510,MOLUNES
39347,39273,MONTAGNA-LE-TEMPLIER
39357,39504,MONTJOUVENT
39358,39479,MONTMALIN
39369,39010,MORVAL
39371,39368,MOUILLE
39374,39436,MOUTAINE
39382,39209,NANTEY
39383,39205,NENON
39384,39504,NERMIER
39410,39424,PERRENA
39416,39331,PETIT-VILLARD
39433,39209,POISOUX
39438,39286,PONTHOUX
39442,39130,PRENOVEL
39450,39478,RANCHETTE
39459,39258,RIVIERE-DEVANT
39482,39017,SAINT-GERMAIN-LES-ARLAY
39488,39021,SAINT-LAURENT-LA-ROCHE
39496,39198,SAINT-YLIE
39506,39290,SAVIGNA
39509,39209,SENAUD
39515,39397,SEZERIA
39516,39579,SIEGES
39521,39154,SOYRIA
39524,39367,TANCUA
39536,39517,TREFFAY
39541,39478,VALFIN-LES-SAINT-CLAUDE
39542,39583,VALFIN-SUR-VALOUSE
39544,39021,VARESSIA
39549,39576,VERCIA
39563,39313,VILLARD-SUR-L'AIN
39564,39485,VILLECHANTRIA
39566,39018,VILLENEUVE-LES-CHARNOD
39578,39086,VIREMONT
39580,39049,VISENEY
40010,40267,AROUILLE
40045,40200,BIGANON
40048,40243,BOOS
40241,40227,RICHET
41005,41248,ARVILLE
41011,41171,BAIGNEAUX
41015,41171,BEAUVILLIERS
41021,41273,BOSSE
41023,41151,BOURRE
41033,41142,CHAMBON-SUR-CISSE
41056,41173,COLOMBE
41064,41055,COULANGES
41076,41273,ECOMAN
41111,41194,LANTHENAY
41117,41199,LONGPRE
41133,41173,MEMBROLLES
41162,41220,NOUAN-SUR-LOIRE
41165,41248,OIGNY
41169,41142,ORCHAISE
41183,41173,PRENOUVELLON
41197,41248,SAINT-AGIL
41202,41248,SAINT-AVIT
41210,41171,SAINTE-GEMMES
41227,41149,SAINT-QUENTIN-LES-TROO
41240,41055,SEILLAC
41244,41173,SEMERVILLE
41264,41173,TRIPLEVILLE
41270,41173,VERDES
41272,41167,VEUVES
42024,42005,BOUTHEON
42057,42095,CHAZEAU
42080,42225,CULA
42111,42207,IZIEUX
42114,42039,JEANSAGNIERE
42144,42147,MOINGT
42190,42218,ROCHETAILLEE
42244,42207,SAINT-JULIEN-EN-JAREZ
42250,42279,SAINT-JUST-SUR-LOIRE
42258,42207,SAINT-MARTIN-EN-COAILLEUX
42263,42239,SAINT-MAURICE-SUR-LOIRE
42292,42218,SAINT-VICTOR-SUR-LOIRE
42309,42218,TERRENOIRE
43081,43245,CROISANCES
43146,43157,OURS-MONS
43161,43132,REILHAC
43176,43221,SAINT-DIDIER-D'ALLIER
43179,43132,SAINT-EBLE
43209,43239,SAINTE-MARIE-DES-CHAZES
43235,43111,SAUVETAT
43243,43157,TAULHAC-PRES-LE-PUY
43248,43005,VABRES
43255,43090,VAZEILLES-PRES-SAUGUES
43266,43013,VISSAC
44004,44163,ANETZ
44008,44029,BARBECHAT
44011,44213,BELLIGNE
44017,44180,BONNUVRE
44034,44213,CHAPELLE-SAINT-SAUVEUR
44040,44005,CHEMERE
44042,44131,CLION-SUR-MER
44059,44021,FRESNAY-EN-RETZ
44060,49382,FRESNE-SUR-LOIRE
44093,44180,MAUMUSSON
44147,44213,ROUXIERE
44167,44156,SAINT-JEAN-DE-CORCOUE
44177,44131,SAINTE-MARIE
44181,44087,SAINT-MEME-LE-TENU
44191,44180,SAINT-SULPICE-DES-LANDES
44219,44180,VRITZ
44225,44180,FREIGNE
45003,45240,ALLAINVILLE-EN-BEAUCE
45007,45155,ARRABLOY
45048,45253,BOUZONVILLE-EN-BEAUCE
45057,45191,LABROSSE
45071,45332,CHANGY
45090,45035,CHEMAULT
45106,45191,COUDRAY
45128,45065,DOSSAINVILLE
45140,45240,FARONVILLE
45163,45160,GUIGNONVILLE
45172,45025,IZY
45190,45191,MAINVILLIERS
45192,45191,MANCHECOURT
45211,45129,MONTCORBON
45221,45191,NANGEVILLE
45236,45191,ORVEAU-BELLESAUVE
45267,45051,SAINT-AIGNAN-DES-GUES
45295,45240,SAINT-PERAVY-EPREUX
45304,45162,SEBOUVILLE
45318,45240,TEILLAY-LE-GAUDIN
45319,45118,TEILLAY-SAINT-BENOIT
45349,45348,YEVRE-LE-CHATEL
46019,46138,BEAUMAT
46025,46201,BELMONTET
46048,46311,CALVIAC
46071,46311,COMIAC
46077,46156,COURS
46110,46138,FONTANES-DU-CAUSSE
46141,46311,LACAM-D'OURCET
46150,46311,LAMATIVIE
46158,46262,LASCABANES
46166,46201,LEBREIL
46248,46063,SAINTE-ALAUZIE
46261,46201,SAINTE-CROIX
46274,46262,SAINT-LAURENT-LOLMIE
46275,46252,SAINT-MARTIN-DE-VERS
46287,46103,SAINT-PAUL-DE-LOUBRESSAC
46291,46138,SAINT-SAUVEUR-LA-VALLEE
46325,46138,VAILLAC
46326,46201,VALPRIONDE
46327,46156,VALROUFIE
46331,46268,VERS
47116,47302,GUEYZE
47149,47221,LISSE
47153,47246,LUSIGNAN-GRAND
47166,47302,MEYLAN
47243,47112,SAINT-GAYRAND
47261,47142,SAINT-NAZAIRE
47268,47206,SAINT-PIERRE-DE-CAUBEL
47270,47110,SAINT-PIERRE-DE-NOGARET
47322,47134,VILLENEUVE-DE-MEZIN
48006,48012,ARCOMIE
48011,48034,AUXILLAC
48014,48027,BAGNOLS-LES-BAINS
48022,48050,BEDOUES
48023,48027,BELVEZET
48024,48012,BERC
48033,48017,CANILHAC
48035,48034,CAPELLE
48040,48027,CHASSERADES
48047,48009,CHAZE-DE-PEYRE
48049,48099,CHIRAC
48052,48004,COMBRET
48060,48009,FAU-DE-PEYRE
48062,48105,FONTANES
48066,48116,FRAISSINET-DE-LOZERE
48076,48009,JAVOLS
48084,48139,LAVAL-ATGER
48093,48027,MAS-D'ORCIERES
48101,48146,MONTBRUN
48102,48034,MONTJEZIEU
48109,48074,PARADE
48113,48099,PIN-MORIES
48114,48015,PLANCHAMP
48118,48146,PRADES
48120,48087,PRINSUEJOLS
48122,48146,QUEZAC
48125,48094,RECOUX
48134,48152,SAINT-ANDEOL-DE-CLERGUEMORT
48142,48009,SAINTE-COLOMBE-DE-PEYRE
48143,48070,SAINTE-COLOMBE-DE-MONTAUROUX
48154,48094,SAINT-GEORGES-DE-LEVEJAC
48159,48015,SAINT-JEAN-CHAZORNE
48162,48166,SAINT-JULIEN-D'ARPAON
48164,48027,SAINT-JULIEN-DU-TOURNEL
48172,48116,SAINT-MAURICE-DE-VENTALON
48180,48094,SAINT-ROME-DE-DOLAN
48183,48009,SAINT-SAUVEUR-DE-PEYRE
48186,48061,SALLE-PRUNET
48195,48094,VIGNES
48196,48039,VILLARD
49001,49050,ALLEUDS
49004,49307,ANDARD
49005,49176,ANDIGNE
49006,49023,ANDREZE
49013,49228,AUVERSE
49014,49331,AVIRE
49016,49328,BAGNEUX
49019,49307,BAUNE
49024,49244,BEAUSSE
49025,49163,BEAUVAU
49031,49018,BOCE
49032,49307,BOHALLE
49033,49218,BOISSIERE-SUR-EVRE
49034,49244,BOTZ-EN-MAUGES
49037,49331,BOURG-D'IRE
49039,49244,BOURGNEUF-EN-MAUGES
49040,49069,BOUZILLE
49042,49307,BRAIN-SUR-L'AUTHION
49043,49367,BRAIN-SUR-LONGUENEE
49044,49228,BREIL
49047,49125,BRIGNE
49049,49138,BRION
49051,49065,BRISSARTHE
49052,49228,BROC
49059,49373,CERQUEUX-SOUS-PASSAVANT
49062,49228,CHALONNES-SOUS-LE-LUDE
49066,49345,CHAMP-SUR-LAYON
49071,49092,CHANZEAUX
49072,49023,CHAPELLE-DU-GENET
49073,49248,CHAPELLE-HULLIN
49074,49092,CHAPELLE-ROUSSELIN
49075,49244,CHAPELLE-SAINT-FLORENT
49077,49331,CHAPELLE-SUR-OUDON
49078,49050,CHARCE-SAINT-ELLIER-SUR-AUBANCE
49079,49018,CHARTRENE
49081,49331,CHATELAIS
49083,49218,CHAUDRON-EN-MAUGES
49084,49163,CHAUMONT-D'ANJOU
49085,49218,CHAUSSAIRE
49087,49228,CHAVAIGNES
49088,49248,CHAZE-HENRY
49091,49050,CHEMELLIER
49093,49220,CHEMIRE-SUR-SARTHE
49094,49261,CHENEHUTTE-TREVES-CUNAULT
49095,49067,CHENILLE-CHANGE
49096,49065,CHERRE
49097,49018,CHEVIRE-LE-ROUGE
49098,49228,CHIGNE
49101,49018,CLEFS
49103,49248,COMBREE
49104,49125,CONCOURSON-SUR-LAYON
49105,49065,CONTIGNE
49106,49307,CORNE
49108,49183,CORNUAILLE
49111,49092,COSSE-D'ANJOU
49115,49050,COUTURES
49116,49018,CUON
49117,49307,DAGUENIERE
49118,49328,DAMPIERRE-SUR-LOIRE
49119,49220,DAUMERAY
49122,49228,DENEZE-SOUS-LE-LUDE
49124,49125,DOUCES
49126,49069,DRAIN
49128,49018,ECHEMIRE
49133,49345,FAVERAYE-MACHELLES
49134,49345,FAYE-D'ANJOU
49136,49331,FERRIERE-DE-FLEE
49137,49218,FIEF-SAUVIN
49139,49194,FONTAINE-MILON
49141,49125,FORGES
49142,49373,FOSSE-DE-TIGNE
49143,49018,FOUGERE
49144,44225,FREIGNE
49145,49218,FUILET
49146,49092,GARDES
49147,49021,GEE
49148,49367,GENE
49149,49261,GENNES
49150,49228,GENNETEIL
49151,49023,GESTE
49152,49029,GOHIER
49153,49092,VALANJOU
49154,49261,GREZILLE
49156,49248,GRUGE-L'HOPITAL
49157,49018,GUEDENIAU
49158,49331,HOTELLERIE-DE-FLEE
49162,49023,JALLAIS
49164,49092,JOUE-ETIAU
49165,49023,JUBAUDIERE
49166,49214,JUIGNE-BENE
49168,49180,JUMELLES
49169,49092,JUMELLIERE
49172,49069,LANDEMONT
49173,49228,LASSE
49175,49228,LINIERES-BOUTON
49177,49069,LIRE
49179,49301,LONGERON
49181,49003,LOUERRE
49184,49331,LOUVAINES
49185,49163,LUE-EN-BAUGEOIS
49186,49050,LUIGNE
49187,49331,MARANS
49189,49065,MARIGNE
49190,49244,MARILLAIS
49191,49086,MARTIGNE-BRIAND
49196,49200,MEIGNANNE
49197,49228,MEIGNE-LE-VICOMTE
49198,49125,MEIGNE
49199,49092,MELAY
49202,49228,MEON
49203,49215,MERON
49204,49244,MESNIL-EN-VALLEE
49206,49301,MONTFAUCON-MONTIGNE
49207,49125,MONTFORT
49208,49331,MONTGUILLON
49210,49301,MONTIGNE-SUR-MOINE
49212,49244,MONTJEAN-SUR-LOIRE
49213,49018,MONTPOLLIN
49225,49092,NEUVY-EN-MAUGES
49226,49248,NOELLET
49227,49086,NOTRE-DAME-D'ALLENCON
49229,49331,NOYANT-LA-GRAVOYERE
49230,49003,NOYANT-LA-PLAINE
49232,49373,NUEIL-SUR-LAYON
49233,49331,NYOISEAU
49234,49228,PARCAY-LES-PINS
49238,49323,PELLOUAILLES-LES-VIGNES
49239,49023,PIN-EN-MAUGES
49242,49200,PLESSIS-MACE
49243,49023,POITEVINIERE
49245,49018,PONTIGNE
49249,49367,POUEZE
49250,49248,PREVIERE
49251,49200,PRUILLE
49252,49218,PUISET-DORE
49254,49065,QUERRE
49255,49050,QUINCE
49256,49345,RABLAY-SUR-LAYON
49258,49301,RENAUDIERE
49263,49301,ROUSSAY
49264,49301,SAINT-ANDRE-DE-LA-MARCHE
49265,49292,SAINT-AUBIN-DE-LUIGNE
49268,49092,SAINTE-CHRISTINE
49270,49069,SAINT-CHRISTOPHE-LA-COUPERIE
49273,49301,SAINT-CRESPIN-SUR-MOINE
49275,49050,SAINT-ELLIER
49276,49244,SAINT-FLORENT-LE-VIEIL
49277,49331,SAINTE-GEMMES-D'ANDIGNE
49279,49261,SAINT-GEORGES-DES-SEPT-VOIES
49280,49138,SAINT-GEORGES-DU-BOIS
49281,49092,SAINT-GEORGES-DES-GARDES
49282,49125,SAINT-GEORGES-SUR-LAYON
49285,49301,SAINT-GERMAIN-SUR-MOINE
49286,49373,SAINT-HILAIRE-DU-BOIS
49287,49328,SAINT-HILAIRE-SAINT-FLORENT
49290,49167,SAINT-JEAN-DES-MAUVRETS
49293,49328,SAINT-LAMBERT-DES-LEVEES
49295,49244,SAINT-LAURENT-DE-LA-PLAINE
49296,49069,SAINT-LAURENT-DES-AUTELS
49297,49244,SAINT-LAURENT-DU-MOTTAY
49300,49092,SAINT-LEZIN
49303,49018,SAINT-MARTIN-D'ARCE
49304,49261,SAINT-MARTIN-DE-LA-PLACE
49305,49331,SAINT-MARTIN-DU-BOIS
49309,49248,SAINT-MICHEL-ET-CHANVEAUX
49312,49023,SAINT-PHILBERT-EN-MAUGES
49313,49218,SAINT-PIERRE-MONTLIMART
49314,49218,SAINT-QUENTIN-EN-MAUGES
49315,49018,SAINT-QUENTIN-LES-BEAUREPAIRE
49316,49218,SAINT-REMY-EN-MAUGES
49317,49050,SAINT-REMY-LA-VARENNE
49318,49050,SAINT-SATURNIN-SUR-LOIRE
49319,49331,SAINT-SAUVEUR-DE-FLEE
49320,49069,SAINT-SAUVEUR-DE-LANDEMONT
49322,49029,SAINT-SULPICE
49324,49218,SALLE-ET-CHAPELLE-AUBRY
49325,49092,SALLE-DE-VIHIERS
49327,49050,SAULGE-L'HOPITAL
49335,49065,SURDRES
49340,49125,SOULANGER
49342,49373,TANCOIGNE
49346,49261,THOUREIL
49348,49373,TIGNE
49349,49301,TILLIERES
49350,49301,TORFOU
49351,49092,TOURLANDRY
49354,49248,TREMBLAY
49356,49373,TREMONT
49357,49261,TREVES-CUNAULT
49360,49069,VARENNE
49363,49050,VAUCHRETIEN
49365,49125,VERCHERS-SUR-LAYON
49366,49248,VERGONNES
49372,49018,VIEIL-BAUGE
49375,49023,VILLEDIEU-LA-BLOUERE
49376,49183,VILLEMOISAN
49379,49373,VOIDE
49380,49018,VAULANDRY
49382,49160,FRESNE-SUR-LOIRE
50001,50041,ACQUEVILLE
50005,50400,AMFREVILLE
50009,50565,ANGEY
50010,50099,ANGOVILLE-AU-PLAIN
50011,50142,ANGOVILLE-EN-SAIRE
50012,50267,ANGOVILLE-SUR-AY
50017,50410,ARDEVON
50018,50487,ARGOUGES
50020,50041,AUDERVILLE
50035,50236,BAUDREVILLE
50037,50260,BAZOGE
50043,50260,BELLEFONTAINE
50047,50188,BESLIERE
50051,50523,BEUZEVILLE-AU-PLAIN
50053,50256,BIARDS
50056,50359,BION
50057,50041,BIVILLE
50061,50215,BOISROGER
50063,50236,BOLLEVILLE
50065,50410,BOUCEY
50067,50531,BOULOUZE
50068,50109,BOUREY
50071,50535,BRAFFAIS
50073,50041,BRANVILLE-HAGUE
50075,50601,BRECTOUVILLE
50080,50099,BREVANDS
50091,50256,BUAT
50100,50487,CARNET
50104,50031,CARTERET
50113,50256,CHALANDREY
50114,50115,CHAMBRES
50116,50565,CHAMPCEY
50119,50431,CHAMPS-DE-LOSQUE
50122,50444,CHAPELLE-DU-FEST
50123,50239,CHAPELLE-EN-JUGER
50125,50260,CHASSEGUEY
50127,50523,CHEF-DU-PONT
50128,50393,CHEFRESNE
50131,50260,CHERENCE-LE-ROUSSEL
50132,50168,CHERIS
50133,50391,CHEVREVILLE
50134,50363,CHEVRY
50136,50273,COIGNY
50141,50410,CORMERAY
50153,50400,CRETTEVILLE
50154,50487,CROIX-AVRANCHIN
50157,50410,CUREY
50163,50041,DIGULLEVILLE
50170,50523,ECOQUENEAUVILLE
50171,50041,ECULLEVILLE
50173,50129,EQUEURDREVILLE-HAINNEVILLE
50179,50591,FERRIERES
50180,50592,FERVACHES
50187,50041,FLOTTEMANVILLE-HAGUE
50189,50436,FONTENAY
50191,50523,FOUCARVILLE
50201,50629,GERVILLE-LA-FORET
50202,50601,GIEVILLE
50203,50129,GLACERIE
50204,50236,GLATIGNY
50211,50142,GOUBERVILLE
50212,50400,GOURBESVILLE
50213,50546,GOURFALEUR
50220,50041,GREVILLE-HAGUE
50224,50601,GUILBERVILLE
50226,50129,HAINNEVILLE
50242,50041,HERQUEVILLE
50245,50591,HEUSSE
50248,50409,HOMMET-D'ARTHENAY
50249,50099,HOUESVILLE
50250,50400,HOUTTEVILLE
50254,50591,HUSSON
50255,50419,HYENVILLE
50257,50041,JOBOURG
50264,50405,LASTELLE
50280,50292,LOZON
50284,50410,MACEY
50286,50256,MANCELLIERE
50287,50546,MANCELLIERE-SUR-VIRE
50293,50391,MARTIGNY
50303,50216,MESNIL-ANGOT
50306,50256,MESNIL-BUFS
50307,50197,MESNIL-BONANT
50309,50188,MESNIL-DREY
50314,50197,MESNIL-HUE
50316,50363,MESNIL-OPAC
50318,50260,MESNIL-RAINFRAY
50319,50139,MESNIL-RAOULT
50322,50256,MESNIL-THEBAULT
50323,50260,MESNIL-TOVE
50325,50431,MESNIL-VIGOT
50329,50391,MILLY
50330,50236,MOBECQ
50331,50410,MOIDREY
50333,50400,MOITIERS-EN-BAUPTOIS
50337,50487,MONTANEL
50339,50388,MONTCHATON
50343,50236,MONTGARDON
50344,50256,MONTGOTHIER
50346,50256,MONTIGNY
50355,50565,MONTVIRON
50366,50041,NACQUEVILLE
50367,50256,NAFTEL
50375,50142,NEVILLE-SUR-MER
50377,50590,NOIRPALU
50380,50492,NOTRE-DAME-D'ELLE
50381,50359,NOTRE-DAME-DU-TOUCHET
50383,50129,OCTEVILLE
50385,50041,OMONVILLE-LA-PETITE
50386,50041,OMONVILLE-LA-ROGUE
50392,50410,PAS
50396,50082,PERQUES
50404,50444,PLACY-MONTAIGU
50406,50535,PLOMB
50414,50492,PRECORBIN
50415,50273,PRETOT-SAINTE-SUZANNE
50416,50129,QUERQUEVILLE
50418,50082,QUETTETOT
50424,50456,RANCOUDRAY
50432,50142,RETHOVILLE
50434,50565,ROCHELLE-NORMANDE
50439,50167,RONTHON
50440,50639,ROUFFIGNY
50441,50492,ROUXEVILLE
50458,50099,SAINT-COME-DU-MONT
50459,50502,SAINTE-CROIX-DE-SAINT-LO
50460,50041,SAINTE-CROIX-HAGUE
50465,50095,SAINT-EBREMOND-DE-BONFOSSE
50466,50597,SAINTE-EUGIENNE
50470,50564,SAINT-GEORGES-DE-BOHON
50477,50041,SAINT-GERMAIN-DES-VAUX
50494,50359,SAINT-JEAN-DU-CORAIL
50497,50273,SAINT-JORES
50501,50493,SAINT-LEGER
50508,50591,SAINTE-MARIE-DU-BOIS
50515,50484,SAINT-MARTIN-DE-LANDELLES
50520,50082,SAINT-MARTIN-LE-HEBERT
50526,50066,SAINT-MICHEL-DES-LOUPS
50527,50147,SAINT-NICOLAS-DE-COUTANCES
50530,50218,SAINT-NICOLAS-PRES-GRANVILLE
50534,50099,SAINT-PELLERIN
50544,50236,SAINT-REMY-DES-LANDES
50545,50546,SAINT-ROMPHAIRE
50547,50514,SAINT-SAUVEUR-DE-CHAULIEU
50555,50273,SAINTE-SUZANNE-EN-BAUPTOIS
50557,50090,SAINT-SYMPHORIEN-DES-MONTS
50558,50236,SAINT-SYMPHORIEN-LE-VALOIS
50559,50444,SAINT-SYMPHORIEN-LES-BUTTES
50560,50502,SAINT-THOMAS-DE-SAINT-LO
50561,50493,SAINT-URSIN
50566,50639,SAULTCHEVREUIL-DU-TRONCHET
50586,50236,SURVILLE
50595,50209,THEIL
50600,50041,TONNEVILLE
50602,50129,TOURLAVILLE
50608,50139,TROISGOTS
50611,50041,URVILLE-NACQUEVILLE
50614,50082,VALDECIE
50620,50041,VASTEVILLE
50623,50041,VAUVILLE
50625,50582,VENGEONS
50627,50487,VERGONCEY
50630,50410,VESSEY
50631,50099,VEYS
50632,50256,VEZINS
50635,50492,VIDOUVILLE
50638,50359,VILLECHIEN
50640,50487,VILLIERS-LE-PRE
50642,50400,VINDEFONTAINE
50644,50484,VIREY
50645,50142,VRASVILLE
50646,50082,VRETOT
50649,50592,PONT-FARCY
51011,51537,ANTE
51021,51158,AULNAY-AUX-PLANCHES
51024,51158,AULNIZEUX
51026,51025,AUMENANCOURT-LE-PETIT
51064,51030,BISSEUIL
51067,51277,BLAISE-SOUS-HAUTEVILLE
51096,51270,BUSSY-AUX-BOIS
51114,51269,CHAMPAUBERT-AUX-BOIS
51123,51269,CHANTECOQ
51131,51132,CHARMONTOIS-L'ABBE
51159,51298,COMBLIZY
51180,51380,COURBETAUX
51189,51571,COURMELOIS
51207,51211,DAMPIERRE-SUR-AUVE
51209,51228,DAUCOURT
51221,51380,ECHELLE
51257,51244,FONTAINE-SUR-COOLE
51261,51075,FRESNE-LES-REIMS
51271,51612,GIONGES
51297,51659,HURLUS
51330,51326,LOUVERCY
51331,51564,LOUVOIS
51332,51381,LUCY
51335,51380,MACLAUNAY
51347,51030,MAREUIL-SUR-AY
51366,51368,MESNIL-LES-HURLUS
51383,51158,MORAINS
51394,51046,NAUROY
51400,51017,NEUVILLE-SOUS-ARZILLIERES
51401,51454,NEUVILLETTE
51405,51248,NORMEE
51408,51277,NUISEMENT-AUX-BOIS
51411,51612,OGER
51427,51553,PERTHES-LES-HURLUS
51462,51470,RIPONT
51467,51218,ROSAY
51481,51071,SAINT-GENEST
51494,52182,SAINTE-LIVIERE
51540,51264,SOIGNY
51541,51217,SOILLY
51554,51555,SOUDE-NOTRE-DAME-OU-LE-PETIT
51561,51544,TAHURE
51575,51611,TOULON-LA-MONTAGNE
51593,51214,VARIMONT
51615,51244,VESIGNEUL-SUR-COOLE
51651,51612,VOIPREUX
51653,51648,VOUCIENNES
51661,51571,WEZ
51664,51171,GERNICOURT
52010,52088,ANGLUS
52018,52140,ARGENTOLLES
52020,52273,ARNONCOURT-SUR-APANCE
52024,52405,AUBIGNY-SUR-BADIN
52026,52187,AUGEVILLE
52032,52497,AVRAINVILLE
52036,52449,BALESMES-SUR-MARNE
52041,52400,BEAUCHARMOY
52046,52187,BETTONCOURT-LE-HAUT
52048,52194,BIENVILLE
52049,52140,BIERNES
52052,52140,BLAISE
52054,52008,BLANCHEVILLE
52068,52182,BRAUCOURT
52071,52491,BRESSONCOURT
52073,52123,BREUIL-SUR-MARNE
52077,52197,BRONCOURT
52078,52121,BROTTES
52080,52491,BROUTHIERES
52081,52426,BUCHEY
52086,52211,BUXIERES-LES-FRONCLES
52096,52125,CHAMARANDES
52098,52431,CHAMEROY
52100,52140,CHAMPCOURT
52111,52432,CHARMOILLES
52112,52197,CHARMOY
52117,52189,CHATOILLENOT
52139,52074,COLOMBEY-LES-CHOISEUL
52143,52083,CORGIRNON
52144,52269,CORLEE
52148,52450,COURCELLES-SUR-AUJON
52150,52189,COURCELLES-VAL-D'ESNOMS
52152,52405,COUZON-SUR-COULANGE
52153,52114,CREANCEY
52154,52205,CRENAY
52166,52126,DARDENAY
52176,52353,DONNEMARIE
52180,52411,DROYES
52186,52332,EPINANT
52188,52450,ERISEUL
52191,52353,ESSEY-LES-EAUX
52192,52114,ESSEY-LES-PONTS
52202,52497,FLORNOY
52209,52377,FRESNOY-EN-BASSIGNY
52210,70122,FRETTES
52215,52060,GENRUPT
52224,52064,GONAINCOURT
52226,52265,GOURZON
52236,52288,HARMEVILLE
52238,52140,HARRICOURT
52239,52529,HEUILLEY-COTTON
52241,52448,HOERICOURT
52252,52246,JORQUENAY
52255,52061,LACRETE
52259,52251,LAHARMAND
52261,52094,LAMARGELLE-AUX-BOIS
52262,52140,LAMOTHE-EN-BLAISY
52263,52173,LANDEVILLE
52268,52288,LANEUVILLE-AU-BOIS
52270,52432,LANNES
52279,52140,LAVILLENEUVE-AUX-FRESNES
52281,52332,LECOURT
52283,52332,LENIZEUL
52293,52411,LONGEVILLE-SUR-LA-LAINES
52296,52411,LOUZE
52299,52456,MACONCOURT
52309,52058,MARAULT
52314,52114,MARMESSE
52317,52332,MAULAIN
52323,52332,MEUSE
52324,52074,MEUVY
52329,52388,MONTESSON
52333,52242,MONTLANDON
52334,52158,MONTORMENTIER
52338,52114,MONTRIBOURG
52339,52469,MONTSAON
52340,52405,MONTSAUGEON
52343,52128,MORTEAU
52345,52094,MUSSEAU
52351,52064,NIJON
52361,52353,ODIVAL
52368,52274,ORMOY-SUR-AUBE
52379,52187,PAUTAINES-AUGEVILLE
52381,52292,PERCEY-LE-PAUTEL
52382,52158,PERCEY-SOUS-MONTORMENTIER
52387,52529,PIEPAPE
52389,52384,PIERREFONTAINES
52402,52529,PRANGEY
52404,52140,PRATZ
52408,52265,PREZ-SUR-MARNE
52409,52211,PROVENCHERES-SUR-MARNE
52410,52332,PROVENCHERES-SUR-MEUSE
52412,52050,PUITS-DES-MEZES
52417,52332,RAVENNEFONTAINES
52418,52332,RECOURT
52427,52331,ROBERT-MAGNY
52430,52044,ROCHES-SUR-ROGNON
52434,52058,ROOCOURT-LA-COTE
52435,52242,ROSOY-SUR-AMANCE
52441,52479,ROZIERES
52451,52031,SAINT-MARTIN-SUR-LA-RENNE
52454,52529,SAINT-MICHEL
52458,52526,SANTENOGE
52460,52251,SARCICOURT
52462,52177,SAUCOURT-SUR-ROGNON
52466,52088,SAUVAGE-MAGNY
52471,52464,SEUCHEY
52477,52118,SOMMERMONT
52478,52123,SOMMEVILLE
52481,52491,SOULAINCOURT
52485,52413,SUZEMONT
52496,52242,TROISCHAMPS
52498,52432,TRONCHOY
52501,52031,VALDELANCOURT
52508,52544,VAUX-LA-DOUCE
52509,52405,VAUX-SOUS-AUBIGNY
52521,52383,VIEUX-MOULINS
52527,52060,VILLARS-SAINT-MARCELLIN
52530,52094,VILLEMERVRY
52531,52094,VILLEMORON
52532,52497,VILLIERS-AUX-BOIS
52533,52178,VILLIERS-AUX-CHENES
52537,52230,VILLIERS-SUR-MARNE
53004,53124,AMPOIGNE
53020,53127,BAROCHE-GONDOUIN
53024,53062,BAZOUGES
53032,53228,BLANDOUET
53044,53118,BRETIGNOLLES-LE-MOULIN
53050,53255,CHAMMES
53060,53121,CHAPELLES
53070,53003,CIGNE
53081,53127,COURBERIE
53095,53017,EPINEUX-LE-SEGUIN
53149,53127,MELLERAY-LA-VALLEE
53166,53127,NIORT-LA-FONTAINE
53167,53262,NUILLE-SUR-OUETTE
53171,53133,ORGERES-LA-ROCHE
53183,53160,POULAY
53194,53137,RUILLE-LE-GRAVELAIS
53205,53161,SAINT-CENERE
53217,53186,SAINT-GAULT
53227,53103,SAINT-ISLE
53252,53185,SAINT-SAMSON
53268,53079,VAUCE
53275,53265,VIVIERS
54267,54010,HOUSSELMONT
54319,54059,LIXIERES
54341,54099,MANCE
54342,54099,MANCIEULLES
54347,54059,MANONCOURT-SUR-SEILLE
54361,54128,MENILLOT
54384,54059,MOREY
54448,54518,REGNIEVILLE
54454,54316,REMENAUVILLE
54503,54059,SERRIERES
55003,55229,AILLY-SUR-MEUSE
55006,55040,AMBLAINCOURT
55016,55184,AULNOIS-SOUS-VERTUZEY
55019,55388,AUZECOURT
55020,55117,AUZEVILLE-EN-ARGONNE
55052,55551,BILLY-SOUS-LES-COTES
55056,55385,BLERCOURT
55074,55229,BRASSEITTE
55086,55389,BULAINVILLE
55090,55366,BUSSY-LA-COTE
55091,55457,BUTGNEVILLE
55092,55093,BUXERULLES
55098,55473,CHAMPLON
55112,55358,CHENNEVIERES
55126,55258,CORNIEVILLE
55130,55132,COUSANCELLES
55131,55518,COUSANCES-AU-BOIS
55135,55341,CREPION
55136,55551,CREUE
55147,55094,DARMONT
55151,55274,DEUXNOUDS-AUX-BOIS
55152,55040,DEUXNOUDS-DEVANT-BEAUZEE
55161,55179,DOMREMY-AUX-BOIS
55176,55442,ERIZE-LA-GRANDE
55187,55341,FLABAS
55190,55389,FLEURY-SUR-AIRE
55203,55123,GENICOURT-SOUS-CONDE
55205,55026,GERAUVILLIERS
55209,55145,GIBERCY
55213,55258,GIRONVILLE-SOUS-LES-COTES
55223,55267,HADONVILLE-LES-LACHAUSSEE
55227,54602,HAN-DEVANT-PIERREPONT
55230,55571,HARAUMONT
55231,55123,HARGEVILLE-SUR-CHEE
55233,55551,HATTONCHATEL
55234,55551,HATTONVILLE
55235,55500,HAUCOURT-LA-RIGOLE
55238,55267,HAUMONT-LES-LACHAUSSEE
55240,55002,HAUTECOURT-LES-BROVILLE
55249,55500,HOUDELAUCOURT-SUR-OTHAIN
55259,55117,JUBECOURT
55273,55386,LAMARCHE-EN-WOEVRE
55277,55410,LANDZECOURT
55283,55274,LAVIGNEVILLE
55287,55276,LEMPIRE-AUX-BOIS
55294,55012,LIOUVILLE
55305,55123,LOUPPY-SUR-CHEE
55308,55179,LOXEVILLE
55309,55215,LUMEVILLE-EN-ORNOIS
55314,55114,MALAUMONT
55318,55123,MARATS
55319,55012,MARBOTTE
55337,55060,MESNIL-SOUS-LES-COTES
55342,55254,MONDRECOURT
55354,55060,MONT-VILLERS
55390,55358,OEY
55392,55500,OLLIERES
55393,55191,ORNEL
55402,55117,PAROIS
55413,55497,RAMPONT
55417,55085,RAULECOURT
55418,55500,RECHICOURT
55432,55254,RIGNAUCOURT
55440,55369,ROSIERES-DEVANT-BAR
55441,55148,ROSIERES-EN-BLOIS
55451,55012,SAINT-AGNANT-SOUS-LES-COTES
55455,55551,SAINT-BENOIT-EN-WOEVRE
55478,55530,SAVONNIERES-EN-WOEVRE
55480,55517,SENARD
55483,55530,SENONVILLE
55486,55040,SERAUCOURT
55491,55423,SOMMAISNE
55499,55274,SPADA
55513,55215,TOURAILLES-SOUS-BOIS
55524,55573,VACON
55529,55366,VARNEY
55538,55472,VAUX-LA-GRANDE
55539,55472,VAUX-LA-PETITE
55542,55186,VEEL
55548,55184,VERTUZEY
55550,55551,VIEVILLE-SOUS-LES-COTES
55558,55184,VILLE-ISSEY
55564,55060,VILLERS-SOUS-BONCHAMP
55576,55457,WADONVILLE-EN-WOEVRE
55585,55093,WOINVILLE
56037,56197,CHAPELLE-CARO
56038,56061,CHAPELLE-GACELINE
56064,56061,GLENAC
56095,56121,KERYADO
56142,56144,MOUSTOIR-REMUNGOL
56150,56251,NOYALO
56183,56033,QUELNEUC
56187,56197,QUILY
56192,56144,REMUNGOL
56217,56198,SAINT-GOUVRY
56235,56198,SAINT-SAMSON
57005,57605,ACHATEL
57023,57086,ANGVILLER-LES-BISPING
57068,57262,BERTRING
57078,57680,BIBERKIRCH
57094,57463,BORNY
57135,57209,CHEMERY
57157,57132,COUTURES
57164,57572,DAIN-EN-SAULNOIS
57170,57133,DEDELING
57184,57021,DORNOT
57185,57606,DOURD'HAL
57223,57631,FOLPERSVILLER
57243,57672,GARCHE
57279,57252,GUIRLANGE
57285,57097,HALLING-LES-BOULAY
57327,57630,HOFF
57363,57270,KERPRICH-LES-DIEUZE
57369,57672,KKING
57378,57155,LANDONVILLERS
57400,57151,LIDREQUIN
57420,57150,LOUTREMANGE
57429,57463,MAGNY
57432,57148,MAIZERY
57435,57019,MALANCOURT-LA-MONTAGNE
57450,57306,MARSPICH
57458,57240,MERLEBACH
57503,57631,NEUNKIRCH-LES-SARREGUEMINES
57522,57672,UTRANGE
57523,57482,OGY
57608,57542,SAINT-BERNARD
57632,57250,SARREINSBERG
57646,57124,SENTZICH
57688,57463,VALLIERES-LES-METZ
57699,57695,VAUDONCOURT
57710,57672,VEYMERANGE
57729,57672,VOLKRANGE
57735,57204,VREMY
57744,57631,WELFERDING
57758,57757,HAUTE-YUTZ
57766,57306,SAINT-NICOLAS-EN-FORET
58022,58204,BALLERAY
58091,58086,COURS
58100,58026,DOMPIERRE-SUR-HERY
58167,58026,MICHAUGUES
59020,59009,ASCQ
59030,59139,AUDENCOURT
59040,59033,AYMERIES
59095,59094,BOURBOURG-CAMPAGNE
59154,59588,COUDEKERQUE-VILLAGE
59235,59009,FLERS-LEZ-LILLE
59245,59567,FORENVILLE
59248,59183,FORT-MARDYCK
59298,59350,HELLEMMES-LILLE
59355,59350,LOMME
59362,59053,LOUVIGNIES-BAVAY
59373,59183,MALO-LES-BAINS
59376,59501,MARCHIENNES-CAMPAGNE
59380,59183,MARDYCK
59404,59260,MOERES
59417,59122,MORENCHIES
59460,59183,PETITE-SYNTHE
59510,59183,ROSENDAEL
59540,59183,SAINT-POL-SUR-MER
59561,59631,SELVIGNY
59621,59574,VILLERS-CAMPEAU
59644,59643,WARNETON-SUD
60018,60088,ANSERVILLE
60202,60537,DRESLINCOURT
60246,60088,FOSSEUSE
60266,60133,FUMECHON
60349,60395,LARDIERES
60384,60057,MARISSEL
60417,60570,MONTHERLANT
60419,60374,MONTIGNY
60453,60196,NEUVILLE-D'AUMONT
60467,60057,NOTRE-DAME-DU-THIL
60532,60196,RESSONS-L'ABBAYE
60580,60057,SAINT-JUST-DES-MARAIS
60607,60668,SAUQUEUSE-SAINT-LUCIEN
60649,60029,TROUSSURES
60690,60644,VILLERS-SUR-TRIE
60696,60057,VOISINLIEU
61003,61167,ANCEINS
61004,61168,ANTOIGNY
61009,61474,AUBRY-EN-EXMES
61016,61491,AUTHEUIL
61019,61474,AVERNES-SOUS-EXMES
61022,61483,BAGNOLES-DE-L'ORNE
61025,61211,BAROCHE-SOUS-LUCE
61027,61153,BATILLY
61031,61486,BEAUCHENE
61033,61211,BEAULANDAIS
61042,61345,BELLOU-SUR-HUISNE
61045,61491,BIVILLIERS
61047,61167,BOCQUENCE
61057,61474,BOURG-SAINT-LEONARD
61058,61007,BREEL
61059,61491,BRESOLETTES
61065,61491,BUBERTRE
61073,61007,CARNEILLE
61083,61474,CHAMBOIS
61090,61491,CHAMPS
61106,61339,CHENEDOUIT
61109,61292,CLAIREFOUGERE
61110,61474,COCHERE
61112,61309,COLONARD-CORUBERT
61115,61116,CONDEAU
61119,61309,CORUBERT
61125,61116,COULONGES-LES-SABLONS
61127,61153,COURBE
61128,61050,COURCERAULT
61131,61474,COURMENIL
61132,61189,COURTEILLES
61134,61029,COURTOULIN
61135,61096,COUTERNE
61136,61167,COUVAINS
61144,61309,DANCE
61147,61345,DORCEAU
61154,61196,EPERRAIS
61155,61324,EPINAY-LE-COMTE
61157,61474,EXMES
61161,61474,FEL
61173,61153,FONTENAI-SUR-ORNE
61174,61339,FORET-AUVRAY
61175,61341,FORGES
61177,61486,FRENES
61179,61339,FRESNAYE-AU-SAUVAGE
61184,61167,GAUVILLE
61185,61484,GEMAGES
61186,61096,GENESLAY
61191,61167,GLOS-LA-FERRIERE
61200,61096,HALEINE
61201,61145,HAUTE-CHAPELLE
61204,61484,HERMITIERE
61205,61167,HEUGON
61220,61230,LANDE-SUR-EURE
61223,61486,LARCHAMP
61226,61491,LIGNEROLLES
61235,61211,LORE
61236,61153,LOUCE
61239,61211,LUCE
61245,61050,MAISON-MAUGIS
61246,61484,MALE
61247,61230,MALETABLE
61249,61375,MARCEI
61250,61230,MARCHAINVILLE
61253,61081,MARMOUILLE
61254,61167,MARNEFER
61270,61339,MENIL-JEAN
61280,61230,MONCEAUX-AU-PERCHE
61282,61167,MONNAI
61285,61194,MONTGAROULT
61296,61230,MOULICENT
61299,61429,MOUSSONVILLIERS
61305,61230,NEUILLY-SUR-EURE
61306,61081,NEUVILLE-PRES-SEES
61311,61429,NORMANDEL
61312,61422,NOTRE-DAME-D'ASPRES
61313,61007,NOTRE-DAME-DU-ROCHER
61315,61474,OMMEEL
61318,61196,ORIGNY-LE-BUTIN
61320,61460,ORVILLE
61325,61196,PERRIERE
61334,61339,PONT-ECREPIN
61335,61491,POTERIE-AU-PERCHE
61337,61309,PREAUX-DU-PERCHE
61338,61491,PREPOTIN
61340,61339,RABODANGES
61343,61491,RANDONNAI
61353,61007,RONFEUGERAI
61354,61339,ROTOURS
61355,61145,ROUELLE
61356,61484,ROUGE
61359,61484,SAINT-AGNAN-SUR-ERRE
61364,61339,SAINT-AUBERT-SUR-ORNE
61368,61309,SAINT-AUBIN-DES-GROIS
61377,61486,SAINT-CORNIER-DES-LANDES
61378,61339,SAINTE-CROIX-SUR-ORNE
61380,61211,SAINT-DENIS-DE-VILLENETTE
61409,61309,SAINT-JEAN-DE-LA-FORET
61410,61486,SAINT-JEAN-DES-BOIS
61417,61375,SAINT-LOYER-DES-CHAMPS
61428,61463,SAINT-MAURICE-DU-DESERT
61430,61050,SAINT-MAURICE-SUR-HUISNE
61431,61483,SAINT-MICHEL-DES-ANDAINES
61434,61167,SAINT-NICOLAS-DES-LAITIERS
61437,61196,SAINT-OUEN-DE-LA-COUR
61441,61153,SAINT-OUEN-SUR-MAIRE
61449,61474,SAINT-PIERRE-LA-RIVIERE
61455,61324,SAINT-SIMEON
61458,61230,SAINT-VICTOR-DE-RENO
61465,61007,SEGRIE-FONTAINE
61468,61194,SENTILLY
61469,61211,SEPT-FORGES
61470,61153,SERANS
61471,61196,SERIGNY
61477,61474,SURVIE
61478,61007,TAILLEBOIS
61489,61007,TOURAILLES
61495,61432,TUBUF
61496,61474,UROU-ET-CRENNES
61504,61474,VILLEBADIN
61506,61167,VILLERS-EN-OUCHE
61509,61341,VINGT-HANAPS
61511,61375,VRIGNY
61513,61486,YVRANDES
62098,62427,BEAUMONT
62110,62473,BERGUETTE
62136,62137,BLANGERMONT
62159,62661,BOUIN
62226,62691,CLARQUES
62287,62552,ECQUEMICOURT
62294,62295,ENGUINEGATTE
62305,62834,ERQUIERES
62394,62827,GUEMY
62417,62631,HAUTECOTE
62420,62683,HAUT-MAINIL
62431,62471,HERBELLES
62482,62178,LABUISSIERE
62575,62473,MOLINGHEM
62687,62693,RANCHICOURT
62707,62706,RICHEBOURG-SAINT-VAAST
62807,62757,TATINGHEM
62884,62008,WESTBECOURT
63018,63160,AULHAT-SAINT-PRIVAT
63068,63244,CELLULE
63217,63303,MAYRAND
63266,63255,ORSONNETTE
63316,63038,SAINT-ANASTAISE
63361,63103,SAINT-HIPPOLYTE
64020,64225,ANCE
64030,64396,ARANCE
64055,64064,ARROS-D'OLORON
64076,64300,AUDEJOS
64163,64010,CAMOU-MIXE-SUHAST
64164,64148,CAPBIS
64169,64168,CASSABER
64248,64396,GOUZE
64278,64049,ITHOROTS-OLHAIBY
64333,64396,LENDRESSE
64384,64148,MIFAGET
64402,64440,MONTESTRUCQ
64497,64430,SAINTE-SUZANNE
64553,64113,VIELLENAVE-SUR-BIDOUZE
65008,65141,ANERAN-CAMORS
65027,65282,ARMENTEULE
65030,65247,ARRAYOU
65152,65348,COTDOUSSAN
65188,65192,GAVARNIE
65227,65099,ILHAN
65246,65054,LAHITTE
65302,65032,MARSOUS
65312,65081,MOLERE
65365,65003,POUCHERGUES
65434,65388,SOULAN
65480,65399,VIZOS
66031,66025,CALDEGAS
66087,66106,ILLAS
66110,66003,MONTALBA-D'AMELIE
66131,66003,PALALDA
66135,66127,PERILLOS
66163,66106,RIUNOGUES
66200,66010,TALAU
66229,66005,VILLENEUVE-DES-ESCALDES
67007,67544,ALTENSTADT
67015,67452,AVENHEIM
67024,67495,BEHLENHEIM
67041,67004,BIRKENWALD
67042,67104,BIRLENBACH
67064,67074,BREMMELBACH
67114,67176,EBERBACH-WRTH
67157,67034,GIMBRETT
67158,67539,GINGSHEIM
67170,67176,GRIESBACH
67171,67061,GRIESBACH-LE-BASTBERG
67175,67174,GUMBRECHTSHOFFEN-OBERBRONN
67193,67206,HERMERSWILLER
67207,67539,HOHATZENHEIM
67211,67474,HOHWILLER
67219,67061,IMBSHEIM
67224,67442,IRMSTETT
67243,67452,KLEINFRANKENHEIM
67251,67339,KUHLENDORF
67262,67206,LEITERSWILLER
67284,67263,MATTSTALL
67294,67160,MITSCHDORF
67297,67539,MITTELHAUSEN
67316,67388,NEHWILLER-PRES-WRTH
67318,67228,NEUGARTHEIM
67323,67339,NIEDERBETSCHDORF
67332,67351,NIEDERSEEBACH
67357,67485,OFFENHEIM
67374,67495,PFETTISHEIM
67376,67435,BISCHTROFF-SUR-SARRE
67390,67339,REIMERSWILLER
67393,67034,REITWILLER
67399,67061,RIEDHEIM
67419,67034,RUMERSHEIM
67431,67004,SALENTHAL
67439,67202,SCHAFFHOUSE-SUR-ZORN
67457,67339,SCHWABWILLER
67469,67004,SINGRIST
67496,67372,UBERACH
67512,67372,WALCK
67518,67122,WANGENBOURG
67533,67530,WILSHAUSEN
67549,67532,WLLENHEIM
67560,67153,ZBERSDORF
67561,67435,ZOLLINGEN
67562,67347,ZUTZENDORF
68003,68106,ALTENBACH
68031,68006,BERNWILLER
68047,68297,BOURGFELDEN
68048,68224,BOURTZWILLER
68053,68081,BRINIGHOFFEN
68070,68056,DIDENHEIM
68108,68240,GRENTZINGEN
68133,68240,HENFLINGEN
68164,68162,KIENTZHEIM
68206,68012,MICHELBACH
68220,68221,MOYEN-MUESPACH
68233,68201,NIEDERBRUCK
68236,68216,NIEDERLARG
68272,68143,RIEDWIHR
68310,68162,SIGOLSHEIM
68314,68219,SOPPE-LE-HAUT
68319,68320,SPECHBACH-LE-BAS
68339,68018,UEBERKUMEN
68346,68192,VALDIEU
68369,68145,WIHR-EN-PLAINE
69011,69172,ARBUISSONNAS
69025,69248,BOURG-DE-THIZY
69041,69248,CHAPELLE-DE-MARDORE
69048,69179,CHASSAGNY
69079,69165,DURETTE
69114,69159,LIERGUES
69128,69248,MARDORE
69129,69248,MARNAND
69144,69208,NUELLES
69146,69024,OINGT
69158,69066,PONT-TRAMBOUZE
69195,69228,SAINT-DIDIER-SOUS-RIVERIE
69213,69179,SAINT-JEAN-DE-TOUSLAS
69221,69255,SAINT-LAURENT-DE-VAUX
69222,69024,SAINT-LAURENT-D'OINGT
69226,69091,SAINT-MARTIN-DE-CORNAS
69232,69123,SAINT-RAMBERT-L'ILE-BARBE
69237,69228,SAINT-SORLIN
69247,69066,THEL
69262,69066,VILLE
69274,69286,CREPIEUX-LA-PAPE
69381,69123,LYON 1ER ARRONDISSEMENT
69382,69123,LYON 2E ARRONDISSEMENT
69383,69123,LYON 3E ARRONDISSEMENT
69384,69123,LYON 4E ARRONDISSEMENT
69385,69123,LYON 5E ARRONDISSEMENT
69386,69123,LYON 6E ARRONDISSEMENT
69387,69123,LYON 7E ARRONDISSEMENT
69388,69123,LYON 8E ARRONDISSEMENT
69389,69123,LYON 9E ARRONDISSEMENT
70033,70059,AUBERTANS
70034,70101,AUBIGNEY
70068,70373,BETONCOURT-LES-MENETRIERS
70073,70004,BITHAINE-ET-LE-VAL
70108,70285,BUSSUREL
70110,70285,BYANS
70123,70122,CHAMPLITTE-LA-VILLE
70131,70492,CHARENTENAY
70139,70283,CHATEAU-LAMBERT
70161,70195,COLOMBE-LES-BITHAINE
70173,70477,CORCELLES
70191,70492,CUBRY-LES-SOING
70209,70528,ECHEVANNE
70212,70441,EGUILLEY
70223,70031,ETROITEFONTAINE
70241,70447,FONTENIS
70246,70247,FOUVENT-LE-BAS
70266,70002,GESINCOURT
70270,70477,GONVILLARS
70281,70418,GREUCOURT
70300,70122,LEFFOND
70333,70122,MARGILLEY
70345,70489,MIELLIN
70346,70487,MIGNAFANS
70354,70122,MONTARLOT-LES-CHAMPLITTE
70365,70252,MONT-LE-FRANOIS
70370,70101,MONTSEUGNY
70377,70466,NANTOUARD
70379,70525,NERVEZAIN
70382,70122,NEUVELLE-LES-CHAMPLITTE
70391,70292,NOROY-LES-JUSSEY
70424,70197,PRESLE
70434,70058,QUITTEUR
70458,70247,SAINT-ANDOCHE
70465,70373,SAINT-JULIEN
70495,70373,SUAUCOURT-ET-PISSELOUP
70508,70197,TREVEY
70543,70309,VERCHAMP
70551,70418,VEZET
70556,70456,VILLEDIEU-LES-QUENOCHE
70570,70045,VIREY
71049,71294,BOURGNEUF-VAL-D'OR
71053,71490,BRAGNY-EN-CHAROLLAIS
71083,71193,CHAMPLIEU
71114,71263,CHATEAURENAUD
71138,71578,CLUX
71180,71582,DONZY-LE-NATIONAL
71197,71270,FLACE-LES-MACON
71211,71443,GEANGES
71260,71270,LOCHE
71265,71204,LOYERE
71288,71582,MASSY
71298,71178,MEULIN
71375,71279,ROUSSET
71418,71557,SAINT-GERMAIN-DES-RIVES
71429,71076,SAINT-JEAN-DES-VIGNES
71432,71270,SAINT-JEAN-LE-PRICHE
71467,71014,SAINT-PANTALEON
71476,71481,SAINT-ROMAIN-DES-ILES
71511,71270,SENNECE-LES-MACON
71536,71351,TERRANS
71560,71101,VARENNE-SUR-LE-DOUBS
71569,71584,VERIZET
71575,71176,VIGNY-LES-PARAY
71587,71582,VITRY-LES-CLUNY
72014,72039,AULAINES
72030,72002,BEAUVOIR
72055,72276,CHAMPAISSANT
72063,72262,CHAPELLE-GAUGAIN
72069,72137,CHASSE
72082,72308,CHEVAIN
72092,72276,CONTRES-EN-VAIRAIS
72108,72025,CRE-SUR-LOIR
72117,72176,DISSE-SOUS-LE-LUDE
72140,72264,GASTINES-SUR-ERVE
72159,72262,LAVENAY
72162,72137,LIGNIERES-LA-CARELLE
72203,72071,MONTABON
72206,72241,MONTFORT-LE-ROTROU
72207,72137,MONTIGNY
72240,72262,PONCE-SUR-LE-LOIR
72242,72196,PONTHOUIN
72258,72137,ROULLEE
72263,72048,SABLES
72285,72154,SAINT-GERMAIN-DU-VAL
72288,72363,SAINT-HILAIRE-LE-LIERRU
72301,72023,SAINT-MARS-SOUS-BALLON
72318,72137,SAINT-RIGOMER-DES-BOIS
72365,72317,VAL
72371,72154,VERRON
72384,72071,VOUVRAY-SUR-LOIR
73009,73173,ALBANNE
73016,73010,ANSIGNY
73035,73261,BEAUNE
73037,73003,BELLECOMBE
73038,73150,BELLENTRE
73044,73065,BISSY
73056,73290,BRAMANS
73060,73187,CELLIERS
73062,73010,CESSENS
73066,73065,CHAMBERY-LE-VIEUX
73093,73150,COTE-D'AIME
73102,73187,DOUCY
73108,73010,EPERSY
73115,73284,FONTAINE-LE-PUITS
73125,73003,GRAND-CUR
73126,73006,GRANIER
73134,73054,HAUTEVILLE-GONDON
73136,73303,HERY
73143,73290,LANSLEBOURG-MONT-CENIS
73144,73290,LANSLEVILLARD
73148,73006,LONGEFOY
73158,73010,MOGNARD
73163,73235,MONTAIMONT
73165,73250,MONT-DENIS
73167,73235,MONTGELLAFREY
73169,73006,MONTGIROD
73172,73203,MONTPASCAL
73174,73013,MONTROND
73185,73187,NAVES
73195,73303,OUTRECHAISE
73198,73227,PERRIERE
73199,73187,PETIT-CUR
73209,73187,PUSSY
73238,73010,SAINT-GERMAIN-LA-CHAMBOTTE
73239,73010,SAINT-GIROD
73251,73257,SAINT-LAURENT-DE-LA-COTE
73264,73263,SAINT-OFFENGE-DESSUS
73279,73011,SAINT-SIGISMOND
73287,73290,SOLLIERES-SARDIERES
73291,73006,TESSENS
73295,73261,THYL
73305,73150,VALEZAN
73319,73003,VILLARGEREL
73321,73257,VILLARLURIN
73325,73006,VILLETTE
74011,74010,ANNECY-LE-VIEUX
74017,74077,ARCINE
74022,74282,AVIERNOZ
74023,74006,AVREGNY
74028,74010,BALMONT
74039,74095,BONNEGUETE
74047,74043,BRENS
74084,74167,CONS-SAINTE-COLOMBE
74092,74042,COTE-D'HYOT
74093,74010,CRAN-GEVRIER
74113,74220,ESERY
74115,74185,ESSERTS-SALEVE
74120,74282,EVIRES
74125,74010,FERRIERES
74132,74014,FRASSE
74149,74040,LOEX
74181,74112,METZ-TESSY
74182,74010,MEYTHET
74187,74275,MONTMIN
74204,74282,OLLIERES
74207,74250,PASSEIRIER
74214,74042,PONTCHY
74217,74010,PRINGY
74227,74274,SAINT-ANDRE-VAL-DE-FIER
74230,74043,SAINT-DIDIER-EN-CHABLAIS
74245,74282,SAINT-MARTIN-BELLEVUE
74246,74256,SAINT-MARTIN-SUR-ARVE
74247,74250,SAINT-MAURICE-DE-RUMILLY
74248,74236,SAINT-NICOLAS-DE-VEROCE
74251,74256,SAINT-ROCH
74268,74010,SEYNOD
74270,74123,SEYTHENEX
74277,74243,THAIRY
74300,74010,VIEUGY
75001,94002,ALFORTVILLE
75002,92002,ANTONY
75003,94003,ARCUEIL
75004,92004,ASNIERES
75005,93001,AUBERVILLIERS
75006,93006,BAGNOLET
75007,92007,BAGNEUX
75008,93008,BOBIGNY
75009,92009,BOIS-COLOMBES
75010,93010,BONDY
75011,94011,BONNEUIL-SUR-MARNE
75012,92012,BOULOGNE-BILLANCOURT
75013,93013,BOURGET
75014,92014,BOURG-LA-REINE
75015,94015,BRY-SUR-MARNE
75016,94016,CACHAN
75017,94017,CHAMPIGNY-SUR-MARNE
75018,94018,CHARENTON-LE-PONT
75019,92019,CHATENAY-MALABRY
75020,92020,CHATILLON
75021,94021,CHEVILLY-LARUE
75022,94022,CHOISY-LE-ROI
75023,92023,CLAMART
75024,92024,CLICHY
75025,92025,COLOMBES
75026,92026,COURBEVOIE
75027,93027,COURNEUVE
75028,94028,CRETEIL
75029,93029,DRANCY
75030,93030,DUGNY
75031,93031,EPINAY-SUR-SEINE
75032,92032,FONTENAY-AUX-ROSES
75033,94033,FONTENAY-SOUS-BOIS
75034,94034,FRESNES
75035,92035,GARENNE-COLOMBES
75036,92036,GENNEVILLIERS
75037,94037,GENTILLY
75038,94038,HAY-LES-ROSES
75039,93039,ILE-SAINT-DENIS
75040,92040,ISSY-LES-MOULINEAUX
75041,94041,IVRY-SUR-SEINE
75042,94042,JOINVILLE-LE-PONT
75043,94043,KREMLIN-BICETRE
75044,92044,LEVALLOIS-PERRET
75045,93045,LILAS
75046,94046,MAISONS-ALFORT
75047,92046,MALAKOFF
75048,93048,MONTREUIL
75049,92049,MONTROUGE
75050,92050,NANTERRE
75051,92051,NEUILLY-SUR-SEINE
75052,94052,NOGENT-SUR-MARNE
75053,93053,NOISY-LE-SEC
75054,94054,ORLY
75055,93055,PANTIN
75057,93057,PAVILLONS-SOUS-BOIS
75058,94058,PERREUX-SUR-MARNE
75059,93059,PIERREFITTE-SUR-SEINE
75060,92060,PLESSIS-ROBINSON
75061,93061,PRE-SAINT-GERVAIS
75062,92062,PUTEAUX
75063,93063,ROMAINVILLE
75064,93064,ROSNY-SOUS-BOIS
75065,94065,RUNGIS
75066,93066,SAINT-DENIS
75067,94067,SAINT-MANDE
75068,94068,SAINT-MAUR-DES-FOSSES
75069,94069,SAINT-MAURICE
75070,93070,SAINT-OUEN
75071,92071,SCEAUX
75072,93072,STAINS
75073,92073,SURESNES
75074,94073,THIAIS
75075,92075,VANVES
75076,94076,VILLEJUIF
75077,93077,VILLEMOMBLE
75078,92078,VILLENEUVE-LA-GARENNE
75079,93079,VILLETANEUSE
75080,94080,VINCENNES
75081,94081,VITRY-SUR-SEINE
75101,75056,PARIS 1ER ARRONDISSEMENT
75102,75056,PARIS 2E ARRONDISSEMENT
75103,75056,PARIS 3E ARRONDISSEMENT
75104,75056,PARIS 4E ARRONDISSEMENT
75105,75056,PARIS 5E ARRONDISSEMENT
75106,75056,PARIS 6E ARRONDISSEMENT
75107,75056,PARIS 7E ARRONDISSEMENT
75108,75056,PARIS 8E ARRONDISSEMENT
75109,75056,PARIS 9E ARRONDISSEMENT
75110,75056,PARIS 10E ARRONDISSEMENT
75111,75056,PARIS 11E ARRONDISSEMENT
75112,75056,PARIS 12E ARRONDISSEMENT
75113,75056,PARIS 13E ARRONDISSEMENT
75114,75056,PARIS 14E ARRONDISSEMENT
75115,75056,PARIS 15E ARRONDISSEMENT
75116,75056,PARIS 16E ARRONDISSEMENT
75117,75056,PARIS 17E ARRONDISSEMENT
75118,75056,PARIS 18E ARRONDISSEMENT
75119,75056,PARIS 19E ARRONDISSEMENT
75120,75056,PARIS 20E ARRONDISSEMENT
76003,76020,AMBOURVILLE
76027,76618,ASSIGNY
76031,76476,AUBERVILLE-LA-CAMPAGNE
76037,76618,AUQUEMESNIL
76044,76258,AUZOUVILLE-AUBERBOSC
76061,76344,BEAUFRESNE
76073,76618,BELLEVILLE-SUR-MER
76078,76258,BENNETOT
76080,76258,BERMONVILLE
76081,76618,BERNEVAL-LE-GRAND
76089,76289,BETTEVILLE
76098,76618,BIVILLE-SUR-MER
76102,76351,BLEVILLE
76127,76146,BOSC-ROGER-SUR-BUCHY
76137,76618,BRACQUEMONT
76145,76618,BRUNVILLE
76150,76732,BUTOT-EN-CAUX
76215,76618,DERCHIGNY
76246,76122,ESSARTS-VARIMPRE
76248,76146,ESTOUTEVILLE-ECALLES
76256,76018,EURVILLE
76267,76289,FOLLETIERE
76277,76276,FOSSE
76301,76618,GLICOURT
76310,76618,GOUCHAUPRE
76326,76618,GRENY
76337,76618,GUILMECOURT
76376,76618,INTRAVILLE
76444,76289,MONT-DE-L'IF
76466,76217,NEUVILLE-LES-DIEPPE
76496,76618,PENLY
76525,76258,RICARVILLE
76539,76351,ROUELLES
76579,76063,SAINTE-GENEVIEVE-EN-CAUX
76607,76258,SAINTE-MARGUERITE-SUR-FAUVILLE
76625,76401,SAINT-NICOLAS-DE-BLIQUETUIT
76633,76475,SAINT-PIERRE-DE-FRANQUEVILLE
76639,76258,SAINT-PIERRE-LAVIS
76643,76618,SAINT-QUENTIN-AU-BOSC
76659,76164,SAINT-WANDRILLE-RANCON
76661,76351,SANVIC
76687,76018,THIEDEVILLE
76696,76618,TOCQUEVILLE-SUR-EU
76701,76476,TOUFFREVILLE-LA-CABLE
76704,76618,TOURVILLE-LA-CHAPELLE
76713,76476,TRIQUERVILLE
76722,76018,VARVANNES
76742,76164,VILLEQUIER
77017,77211,BAILLY-CARROIS
77064,77494,CELLE-SUR-SEINE
77074,77223,CHALAUTRE-LA-REPOSTE
77092,77142,CHAPELLE-SUR-CRECY
77105,77335,CHAUCONIN
77160,77159,DONTILLY
77166,77316,ECUELLES
77170,77316,EPISY
77189,77262,FONTAINE-SOUS-MONTAIGUILLON
77213,77175,GREGY-SUR-YERRE
77299,77316,MONTARLOT
77324,77093,MOUTILS
77334,77264,NESLES
77346,77264,ORMEAUX
77351,77010,OZOUER-LE-REPOS
77375,77261,PREAUX
77422,77026,SAINT-MARTIN-CHENNETRON
77488,77129,VAUX-SOUS-COULOMBS
77491,77316,VENEUX-LES-SABLONS
77497,77421,VIEUX-MAISONS
77499,77031,VILBERT
77502,77020,VILLEGAGNON
77503,77262,VILLEGRUIS
78001,91001,ABBEVILLE-LA-RIVIERE
78002,95002,ABLEIGES
78004,94001,ABLON-SUR-SEINE
78008,95008,AINCOURT
78011,95011,AMBLEVILLE
78012,95012,AMENUCOURT
78014,95014,ANDILLY
78016,91016,ANGERVILLE
78017,91017,ANGERVILLIERS
78018,95018,ARGENTEUIL
78019,95019,ARNOUVILLE-LES-GONESSE
78021,91021,ARPAJON
78022,91022,ARRANCOURT
78023,95023,ARRONVILLE
78024,95024,ARTHIES
78025,95025,ARTHIEUL
78026,95026,ASNIERES-SUR-OISE
78027,91027,ATHIS-MONS
78028,95028,ATTAINVILLE
78032,93005,AULNAY-SOUS-BOIS
78035,91035,AUTHON-LA-PLAINE
78037,91037,AUVERNAUX
78038,91038,AUVERS-SAINT-GEORGES
78039,95039,AUVERS-SUR-OISE
78040,95040,AVERNES
78041,91041,AVRAINVILLE
78042,95042,BAILLET-EN-FRANCE
78044,91044,BALLAINVILLIERS
78045,91045,BALLANCOURT-SUR-ESSONNE
78046,95046,BANTHELU
78047,91047,BAULNE
78051,95051,BEAUCHAMP
78052,95052,BEAUMONT-SUR-OISE
78054,95054,BELLAY-EN-VEXIN
78055,95055,BELLEFONTAINE
78056,95056,BELLOY-EN-FRANCE
78058,95058,BERNES-SUR-OISE
78059,95059,BERVILLE
78060,95060,BESSANCOURT
78061,95061,BETHEMONT-LA-FORET
78063,95063,BEZONS
78064,91064,BIEVRES
78065,95065,BLAMECOURT
78066,93007,BLANC-MESNIL
78067,91067,BLANDY
78069,91069,BOIGNEVILLE
78074,95074,BOISEMONT
78075,91075,BOIS-HERPIN
78078,95078,BOISSY-L'AILLERIE
78079,91079,BOISSY-LA-RIVIERE
78080,91080,BOISSY-LE-CUTTE
78081,91081,BOISSY-LE-SEC
78083,94004,BOISSY-SAINT-LEGER
78085,91085,BOISSY-SOUS-SAINT-YON
78086,91086,BONDOUFLE
78088,95088,BONNEUIL-EN-FRANCE
78091,95091,BOUFFEMONT
78093,91093,BOULLAY-LES-TROUX
78094,95094,BOUQUEVAL
78095,91095,BOURAY-SUR-JUINE
78097,91097,BOUSSY-SAINT-ANTOINE
78098,91098,BOUTERVILLIERS
78099,91099,BOUTIGNY-SUR-ESSONNE
78100,91100,BOUVILLE
78101,95101,BRAY-ET-LU
78102,95102,BREANCON
78103,91103,BRETIGNY-SUR-ORGE
78105,91105,BREUILLET
78106,91106,BREUX-JOUY
78109,91109,BRIERES-LES-SCELLES
78110,95110,BRIGNANCOURT
78111,91111,BRIIS-SOUS-FORGES
78112,91112,BROUY
78114,91114,BRUNOY
78115,91115,BRUYERES-LE-CHATEL
78116,95116,BRUYERES-SUR-OISE
78119,95119,BUHY
78121,91121,BUNO-BONNEVAUX
78122,91122,BURES-SUR-YVETTE
78127,95127,CERGY
78129,91129,CERNY
78130,91130,CHALO-SAINT-MARS
78131,91131,CHALOU-MOULINEUX
78132,91132,CHAMARANDE
78134,95134,CHAMPAGNE-SUR-OISE
78135,91135,CHAMPCUEIL
78136,91136,CHAMPLAN
78137,91137,CHAMPMOTTEUX
78139,95139,CHAPELLE-EN-VEXIN
78141,95141,CHARMONT
78142,95142,CHARS
78144,95144,CHATENAY-EN-FRANCE
78145,91145,CHATIGNONVILLE
78148,91148,CHAUFFOUR-LES-ETRECHY
78149,95149,CHAUMONTEL
78150,95150,CHAUSSY
78151,95151,CHAUVRY
78153,92022,CHAVILLE
78154,95154,CHENNEVIERES-LES-LOUVRES
78155,94019,CHENNEVIERES-SUR-MARNE
78156,91156,CHEPTAINVILLE
78157,95157,CHERENCE
78159,91159,CHEVANNES
78161,91161,CHILLY-MAZARIN
78166,95166,CLERY-EN-VEXIN
78167,93014,CLICHY-SOUS-BOIS
78169,95169,COMMENY
78170,95170,CONDECOURT
78173,91173,CONGERVILLE
78174,91174,CORBEIL-ESSONNES
78175,91175,CORBREUSE
78176,95176,CORMEILLES-EN-PARISIS
78177,95177,CORMEILLES-EN-VEXIN
78178,93015,COUBRON
78179,91179,COUDRAY-MONTCEAUX
78180,91180,COURANCES
78181,95181,COURCELLES-SUR-VIOSNE
78182,91182,COURCOURONNES
78183,95183,COURDIMANCHE
78184,91184,COURDIMANCHE-SUR-ESSONNE
78186,91186,COURSON-MONTELOUP
78187,78506,CRACHES
78191,91191,CROSNE
78195,91195,DANNEMOIS
78197,95197,DEUIL-LA-BARRE
78198,91198,D'HUISON-LONGUEVILLE
78199,95199,DOMONT
78200,91200,DOURDAN
78201,91201,DRAVEIL
78203,95203,EAUBONNE
78204,91204,ECHARCON
78205,95205,ECOUEN
78207,91207,EGLY
78210,95210,ENGHIEN-LES-BAINS
78211,95211,ENNERY
78212,95212,EPIAIS-LES-LOUVRES
78213,95213,EPIAIS-RHUS
78214,95214,EPINAY-CHAMPLATREUX
78215,91215,EPINAY-SOUS-SENART
78216,91216,EPINAY-SUR-ORGE
78218,95218,ERAGNY
78219,95219,ERMONT
78221,91221,ESSONNES
78222,91222,ESTOUCHES
78223,91223,ETAMPES
78225,91225,ETIOLLES
78226,91226,ETRECHY
78228,91228,EVRY
78229,95229,EZANVILLE
78232,91232,FERTE-ALAIS
78235,91235,FLEURY-MEROGIS
78240,91240,FONTAINE-LA-RIVIERE
78241,95241,FONTENAY-EN-PARISIS
78243,91243,FONTENAY-LES-BRIIS
78244,91244,FONTENAY-LE-VICOMTE
78247,91247,FORET-LE-ROI
78248,91248,FORET-SAINTE-CROIX
78249,91249,FORGES-LES-BAINS
78250,95250,FOSSES
78252,95252,FRANCONVILLE
78253,95253,FREMAINVILLE
78254,95254,FREMECOURT
78256,95256,FREPILLON
78257,95257,FRETTE-SUR-SEINE
78258,95258,FROUVILLE
78259,95259,GADANCOURT
78260,93032,GAGNY
78266,92033,GARCHES
78268,95268,GARGES-LES-GONESSE
78270,95270,GENAINVILLE
78271,95271,GENICOURT
78272,91272,GIF-SUR-YVETTE
78273,91273,GIRONVILLE-SUR-ESSONNE
78274,91274,GOMETZ-LA-VILLE
78275,91275,GOMETZ-LE-CHATEL
78277,95277,GONESSE
78279,93033,GOURNAY-SUR-MARNE
78280,95280,GOUSSAINVILLE
78282,95282,GOUZANGREZ
78284,91284,GRANGES-LE-ROI
78286,91286,GRIGNY
78287,95287,GRISY-LES-PLATRES
78288,95288,GROSLAY
78292,91292,GUIBEVILLE
78293,91293,GUIGNEVILLE-SUR-ESSONNE
78294,91294,GUILLERVAL
78295,95295,GUIRY-EN-VEXIN
78298,95298,HARAVILLIERS
78301,95301,HAUTE-ISLE
78303,95303,HEAULME
78304,95304,HEDOUVILLE
78306,95306,HERBLAY
78308,95308,HEROUVILLE
78309,95309,HODENT
78312,91312,IGNY
78313,95313,ISLE-ADAM
78315,91315,ITTEVILLE
78316,95316,JAGNY-SOUS-BOIS
78318,91318,JANVILLE-SUR-JUINE
78319,91319,JANVRY
78323,95323,JOUY-LE-MOUTIER
78326,91326,JUVISY-SUR-ORGE
78328,95328,LABBEVILLE
78330,91330,LARDY
78331,95331,LASSY
78332,91332,LEUDEVILLE
78333,91333,LEUVILLE-SUR-ORGE
78336,94044,LIMEIL-BREVANNES
78338,91338,LIMOURS
78339,91339,LINAS
78340,91340,LISSES
78341,95341,LIVILLIERS
78342,93046,LIVRY-GARGAN
78345,91345,LONGJUMEAU
78347,91347,LONGPONT-SUR-ORGE
78348,95348,LONGUESSE
78351,95351,LOUVRES
78352,95352,LUZARCHES
78353,95353,MAFFLIERS
78355,95355,MAGNY-EN-VEXIN
78357,78193,MAINCOURT-SUR-YVETTE
78359,91359,MAISSE
78360,94047,MANDRES-LES-ROSES
78363,91363,MARCOUSSIS
78365,95365,MAREIL-EN-FRANCE
78369,95369,MARGENCY
78370,95370,MARINES
78371,95371,MARLY-LA-VILLE
78373,92047,MARNES-LA-COQUETTE
78374,91374,MAROLLES-EN-BEAUCE
78375,94048,MAROLLES-EN-BRIE
78376,91376,MAROLLES-EN-HUREPOIX
78377,91377,MASSY
78378,91378,MAUCHAMPS
78379,95379,MAUDETOUR-EN-VEXIN
78386,91386,MENNECY
78387,95387,MENOUVILLE
78388,95388,MENUCOURT
78390,91390,MEREVILLE
78392,95392,MERIEL
78393,91393,MEROBERT
78394,95394,MERY-SUR-OISE
78395,95395,MESNIL-AUBRY
78399,91399,MESPUITS
78400,92048,MEUDON
78405,91405,MILLY-LA-FORET
78408,91408,MOIGNY-SUR-ECOLE
78409,95409,MOISSELLES
78411,91411,MOLIERES
78412,91412,MONDEVILLE
78414,91414,MONNERVILLE
78419,93047,MONTFERMEIL
78421,91421,MONTGERON
78422,95422,MONTGEROULT
78424,95424,MONTIGNY-LES-CORMEILLES
78425,91425,MONTLHERY
78426,95426,MONTLIGNON
78427,95427,MONTMAGNY
78428,95428,MONTMORENCY
78429,95429,MONTREUIL-SUR-EPTE
78430,95430,MONTSOULT
78432,91432,MORANGIS
78433,91433,MORIGNY-CHAMPIGNY
78434,91434,MORSANG-SUR-ORGE
78435,91435,MORSANG-SUR-SEINE
78436,95436,MOURS
78438,95438,MOUSSY
78441,91441,NAINVILLE-LES-ROCHES
78445,95445,NERVILLE-LA-FORET
78446,95446,NESLES-LA-VALLEE
78447,95447,NEUILLY-EN-VEXIN
78448,93049,NEUILLY-PLAISANCE
78449,93050,NEUILLY-SUR-MARNE
78450,95450,NEUVILLE-SUR-OISE
78452,95452,NOINTEL
78453,94053,NOISEAU
78454,93051,NOISY-LE-GRAND
78456,95456,NOISY-SUR-OISE
78457,91457,NORVILLE
78458,91458,NOZAY
78459,95459,NUCOURT
78461,91461,OLLAINVILLE
78462,95462,OMERVILLE
78463,91463,ONCY-SUR-ECOLE
78467,94055,ORMESSON-SUR-MARNE
78468,91468,ORMOY
78469,91469,ORMOY-LA-RIVIERE
78471,91471,ORSAY
78473,91473,ORVEAU
78476,95476,OSNY
78477,91477,PALAISEAU
78479,91479,PARAY-VIEILLE-POSTE
78480,95480,PARMAIN
78482,91482,PECQUEUSE
78483,95483,PERCHAY
78485,94056,PERIGNY
78487,95487,PERSAN
78488,95488,PIERRELAYE
78489,95489,PISCOP
78491,95491,PLESSIS-BOUCHARD
78492,95492,PLESSIS-GASSOT
78493,95493,PLESSIS-LUZARCHES
78494,91494,PLESSIS-PATE
78495,91495,PLESSIS-SAINT-BENOIST
78496,94059,PLESSIS-TREVISE
78500,95500,PONTOISE
78504,95504,PRESLES
78507,91507,PRUNAY-SUR-ESSONNE
78508,91508,PUISELET-LE-MARAIS
78509,95509,PUISEUX-EN-FRANCE
78510,95510,PUISEUX-PONTOISE
78511,91511,PUSSAY
78512,94060,QUEUE-EN-BRIE
78514,91514,QUINCY-SOUS-SENART
78515,93062,RAINCY
78519,91519,RICHARVILLE
78521,91521,RIS-ORANGIS
78523,95523,ROCHE-GUYON
78525,91525,ROINVILLE
78526,91526,ROINVILLIERS
78527,95527,ROISSY-EN-FRANCE
78529,95529,RONQUEROLLES
78532,92063,RUEIL-MALMAISON
78533,91533,SACLAS
78534,91534,SACLAY
78535,95535,SAGY
78538,91538,SAINT-AUBIN
78539,95539,SAINT-BRICE-SOUS-FORET
78540,91540,SAINT-CHERON
78541,95541,SAINT-CLAIR-SUR-EPTE
78542,92064,SAINT-CLOUD
78543,95543,SAINT-CYR-EN-ARTHIES
78544,91544,SAINT-CYR-LA-RIVIERE
78546,91546,SAINT-CYR-SOUS-DOURDAN
78547,91547,SAINT-ESCOBILLE
78549,91549,SAINTE-GENEVIEVE-DES-BOIS
78552,91552,SAINT-GERMAIN-LES-ARPAJON
78553,91553,SAINT-GERMAIN-LES-CORBEIL
78554,95554,SAINT-GERVAIS
78555,95555,SAINT-GRATIEN
78556,91556,SAINT-HILAIRE
78560,91560,SAINT-JEAN-DE-BEAUREGARD
78563,95563,SAINT-LEU-LA-FORET
78566,95566,SAINT-MARTIN-DU-TERTRE
78568,91568,SAINT-MAURICE-MONTCOURONNE
78570,91570,SAINT-MICHEL-SUR-ORGE
78572,95572,SAINT-OUEN-L'AUMONE
78573,91573,SAINT-PIERRE-DU-PERRAY
78574,95574,SAINT-PRIX
78577,91577,SAINTRY-SUR-SEINE
78578,91578,SAINT-SULPICE-DE-FAVIERES
78579,91579,SAINT-VRAIN
78580,95580,SAINT-WITZ
78581,91581,SAINT-YON
78582,95582,SANNOIS
78583,94070,SANTENY
78584,95584,SANTEUIL
78585,95585,SARCELLES
78587,91587,SAULX-LES-CHARTREUX
78589,91589,SAVIGNY-SUR-ORGE
78592,95592,SERAINCOURT
78593,91593,SERMAISE
78594,95594,SEUGY
78595,93071,SEVRAN
78596,92072,SEVRES
78598,95598,SOISY-SOUS-MONTMORENCY
78599,91599,SOISY-SUR-ECOLE
78600,91600,SOISY-SUR-SEINE
78602,91602,SOUZY-LA-BRICHE
78603,94071,SUCY-EN-BRIE
78604,95604,SURVILLIERS
78607,95607,TAVERNY
78610,95610,THEMERICOURT
78611,95611,THEUVILLE
78612,95612,THILLAY
78613,91613,CONGERVILLE-THIONVILLE
78614,78381,THIONVILLE-SUR-OPTON
78617,91617,TIGERY
78619,91619,TORFOU
78622,93073,TREMBLAY-LES-GONESSE
78625,95625,US
78626,94074,VALENTON
78627,95627,VALLANGOUJARD
78628,95628,VALMONDOIS
78629,91629,VALPUISEAUX
78630,91630,VAL-SAINT-GERMAIN
78631,91631,VARENNES-JARCY
78632,92076,VAUCRESSON
78633,95633,VAUDHERLAND
78634,91634,VAUGRIGNEUSE
78635,91635,VAUHALLAN
78636,93074,VAUJOURS
78637,95637,VAUREAL
78639,91639,VAYRES-SUR-ESSONNE
78641,95641,VEMARS
78645,91645,VERRIERES-LE-BUISSON
78648,91648,VERT-LE-GRAND
78649,91649,VERT-LE-PETIT
78651,95651,VETHEUIL
78652,95652,VIARMES
78654,91654,VIDELLES
78656,95656,VIENNE-EN-ARTHIES
78657,91657,VIGNEUX-SUR-SEINE
78658,95658,VIGNY
78659,91659,VILLABE
78660,95660,VILLAINES-SOUS-BOIS
78661,91661,VILLEBON-SUR-YVETTE
78662,91662,VILLECONIN
78663,94075,VILLECRESNES
78664,92077,VILLE-D'AVRAY
78665,91665,VILLE-DU-BOIS
78666,91666,VILLEJUST
78667,91667,VILLEMOISSON-SUR-ORGE
78669,94077,VILLENEUVE-LE-ROI
78670,94078,VILLENEUVE-SAINT-GEORGES
78671,91671,VILLENEUVE-SUR-AUVERS
78673,93078,VILLEPINTE
78675,95675,VILLERON
78676,95676,VILLERS-EN-ARTHIES
78678,95678,VILLIERS-ADAM
78679,91679,VILLIERS-LE-BACLE
78680,95680,VILLIERS-LE-BEL
78682,95682,VILLIERS-LE-SEC
78684,94079,VILLIERS-SUR-MARNE
78685,91685,VILLIERS-SUR-ORGE
78687,91687,VIRY-CHATILLON
78689,91689,WISSOUS
78690,95690,WY-DIT-JOLI-VILLAGE
78691,91691,YERRES
78692,95120,BUTRY-SUR-OISE
79006,79136,ALLEUDS
79017,79195,AUBIERS
79021,79090,AVAILLES-SUR-CHIZE
79026,79014,BAGNEUX
79028,79049,BEAULIEU-SOUS-BRESSUIRE
79033,79078,BELLEVILLE
79036,79196,BILAZAIS
79037,79013,BOESSE
79039,79078,BOISSEROLLES
79041,79005,BORCQ-SUR-AIRVAULT
79044,79063,BOUILLE-SAINT-PAUL
79052,79049,BREUIL-CHAUSSEE
79053,79013,BREUIL-SOUS-ARGENTON
79065,79049,CHAMBROUTET
79067,79066,CHAMPEAUX
79072,79013,CHAPELLE-GAUDIN
79073,79079,CHAPELLE-LARGEAU
79082,79048,CHAVAGNE
79093,79049,CLAZAY
79097,79031,CORMENIER
79099,79013,COUDRE
79110,79264,ENCLAVE-DE-LA-MARTINIERE
79113,79280,ETUSSON
79138,79137,GRIPT
79143,79016,JUMEAUX
79146,79268,LAMAIRE
79151,79136,LOIZE
79155,79079,LOUBLANDE
79168,79063,MASSAIS
79169,79321,MAULAIS
79181,79061,MONTIGNE
79182,79123,MONTIGNY
79186,79079,MOULINS
79187,79013,MOUTIERS-SOUS-ARGENTON
79192,79049,NOIRLIEU
79193,79049,NOIRTERRE
79194,79196,NOIZE
79206,79170,PETIT-BREUIL-DEYRANCON
79221,79078,PRISSE
79224,49099,PUY-SAINT-BONNET
79227,79031,REVETIZON
79228,79171,RIGNE
79232,79123,RONDE
79233,79079,RORTHAIS
79234,79133,ROUVRE
79237,79079,SAINT-AUBIN-DE-BAUBIGNE
79245,79066,SAINT-DENIS
79247,79078,SAINT-ETIENNE-LA-CIGOGNE
79248,79191,SAINT-FLORENT
79262,79079,SAINT-JOUIN-SOUS-CHATILLON
79266,79191,SAINT-LIGUAIRE
79272,79123,SAINT-MARSAULT
79275,79122,SAINT-MARTIN-D'ENTRAIGUES
79287,79191,SAINTE-PEZENNE
79288,79063,SAINT-PIERRE-A-CHAMP
79291,79049,SAINT-PORCHAIRE
79296,79049,SAINT-SAUVEUR
79305,79013,SANZAY
79315,79191,SOUCHE
79317,79005,SOULIEVRES
79323,79079,TEMPLE
79324,79049,TERVES
79327,79185,THORIGNE
79333,79013,ULCOT
79344,79061,VERRINES-SOUS-CELLES
79353,79030,VITRE
79356,79242,VOULTEGON
80007,80436,AGNIERES
80012,80390,AINVAL-SEPTOUTRE
80072,62881,BEAUVOIR-RIVIERE
80075,80247,BECQUINCOURT
80091,80010,BERNY-SUR-NOYE
80111,80443,BOISRAULT
80178,80570,CASTEL
80254,80230,DRESLINCOURT
80255,80013,DREUIL-HAMEL
80257,80554,DREUIL-LES-MOLLIENS
80277,80276,ERAMECOURT
80286,80410,ESTOUILLY
80289,80557,ESTREES-EN-CHAUSSEE
80309,80566,FIEFFES
80323,80322,FONCHETTE
80363,80436,FRETTEMOLLE
80370,80369,FROHEN-LE-PETIT
80382,80443,GOUY-L'HOPITAL
80394,80703,GUEMICOURT
80398,80456,GUIBERMESNIL
80441,80406,HOCQUINCOURT
80447,80621,HYENCOURT-LE-GRAND
80448,80621,HYENCOURT-LE-PETIT
80454,80456,LABOISSIERE-SAINT-MARTIN
80457,80630,LAHAYE-SAINT-ROMAIN
80471,80521,LEFOREST
80483,80443,LINCHEUX-HALLIVILLERS
80492,80245,LONGVILLERS
80506,80230,MANICOURT
80510,80222,MARCHEVILLE
80532,80295,MERICOURT-SUR-SOMME
80534,80010,MERVILLE-AU-BOIS
80539,80084,MESNIL-EUDIN
80564,80456,MONTMARQUET
80567,80620,MONT-SAINT-QUENTIN
80581,80582,NAMPS-AU-MONT
80608,80621,OMIECOURT
80610,80623,ONVILLERS
80612,80443,ORIVAL
80636,80233,POPINCOURT
80641,80002,PRESSOIR
80653,80617,QUESNOY
80660,80342,RAINECOURT
80689,80582,RUMAISNIL
80712,80229,SAINT-PIERRE-A-GOUY
80715,80620,SAINTE-RADEGONDE
80720,80410,SAINT-SULPICE
80727,80031,SAULCHOY-SUR-DAVENESCOURT
80731,80443,SELINCOURT
80739,80436,SOUPLICOURT
80745,80582,TAISNIL
80768,80443,TRONCHOY
80772,80086,VACQUERIE
80816,80211,WAILLY
80817,80406,WANEL
80818,80463,WARFUSEE-ABANCOURT
80831,62909,YTRES
81057,81262,CAMPES
81091,81062,FERRIERES
81107,81132,GUITALENS
81113,81218,LABASTIDE-DENAT
81153,81062,MARGNES
81155,81026,MARSAL
81194,81245,NARTHOUX
83024,83124,BROVES
85007,85109,ARDELAY
85030,85084,BOULOGNE
85032,85191,BOURG-SOUS-LA-ROCHE-SUR-YON
85043,85213,CHAILLE-SOUS-LES-ORMEAUX
85044,85009,CHAIX
85052,85152,CHAPELLE-ACHARD
85057,85092,CHARZAIS
85063,85090,CHATELLIERS-CHATEAUMUR
85068,85036,CLAYE
85069,85008,CLOUZEAUX
85075,85222,CROIX-DE-VIE
85079,85135,DISSAIS
85085,85151,EVRUNES
85091,85080,FONTAINES
85122,85020,LESSON
85124,85046,LIMOUZINIERE
85150,85197,MORMAISON
85165,85084,OIE
85170,85094,PAYRE-SUR-VENDEE
85173,85109,PETIT-BOURG-DES-HERBIERS
85180,85090,POMMERAIE-SUR-SEVRE
85183,85051,PUYBELLIARD
85195,85191,SAINT-ANDRE-D'ORNAY
85203,85020,SAINTE-CHRISTINE
85212,85084,SAINTE-FLORENCE
85219,85154,SAINT-GERMAIN-L'AIGUILLER
85225,85151,SAINT-HILAIRE-DE-MORTAGNE
85228,85288,SAINT-HILAIRE-DE-TALMONT
85230,85040,SAINT-HILAIRE-DU-BOIS
85241,85051,SAINT-MARS-DES-PRES
85249,85158,SAINT-MARTIN-SOUS-MOUZEUIL
85253,85092,SAINT-MEDARD-DES-PRES
85257,85090,SAINT-MICHEL-MONT-MERCURE
85258,85243,SAINT-NICOLAS-DE-BREM
85263,85051,SAINT-PHILBERT-DU-PONT-CHARRAULT
85270,85277,SAINT-SORNIN
85272,85197,SAINT-SULPICE-LE-VERDON
85275,85034,SAINT-VINCENT-PUYMAUFRAIS
85279,85019,SALIGNY
85283,85223,SIMON-LA-VINEUSE
86030,86281,BLASLAY
86033,86079,BOUCHET
86057,86233,CHAPELLE-MORTHEMER
86060,86281,CHARRAIS
86071,86281,CHENECHE
86101,86225,FRONTENAY-SUR-DIVE
86146,86115,MARIGNY-BRIZAY
86155,86161,MESSAIS
86168,86233,MORTHEMER
86179,86108,NOTRE-DAME-D'OR
86185,86161,OUZILLY-VIGNOLLES
86199,86070,POUZIOUX
86208,86053,ROCHEREAU
86212,86137,ROSSAY
86215,86005,SAINT-CASSIEN
86216,86161,SAINT-CHARTRES
86219,86019,SAINT-CYR
86232,86070,SAINT-MARTIAL
86238,86070,SAINT-PIERRE-LES-EGLISES
86240,86120,SAINT-REMY-EN-MONTMORILLON
86243,86092,SAINT-ROMAIN-SUR-VIENNE
86251,86233,SALLES-EN-TOULON
86259,86245,SENILLE
86267,86066,TARGE
86282,86137,VENIERS
86283,86108,VERGER-SUR-DIVE
87010,87085,BEAUNE-LES-MINES
87026,87097,BUSSIERE-BOFFY
87098,87092,MILHAGUET
87102,87014,MORTEROLLES-SUR-SEMME
87171,87027,SAINT-NICOLAS-COURBEFY
87175,87180,SAINT-PRIEST-LE-BETOUX
88018,88218,AUMONTZEY
88034,88106,BAN-SUR-MEURTHE
88067,88322,BOULAY
88072,88460,BRANCOURT
88112,88361,COLROY-LA-GRANDE
88191,88460,FRUZE
88204,88465,GIRMONT
88207,88146,GIROVILLERS-SOUS-MONTFORT
88211,88305,GOUECOURT
88217,88351,GRANGES-DE-PLOMBIERES
88234,88029,HARSAULT
88235,88029,HAUTMOUGEY
88282,88176,MAGNY
88323,88372,NEUVEVILLE-LES-RAON
88329,88321,NONCOURT
88337,88465,ONCOURT
88339,88114,OUTRANCOURT
88384,88274,REMOIS
88392,88475,ROCOURT
88396,88227,RONCOURT
88397,88321,ROUCEUX
88405,88351,RUAUX
88414,88460,SAINT-ELOPHE
88420,88322,SAINT-JEAN-DU-MARCHE
88422,88160,SAINT-LAURENT
89001,89130,ACCOLAY
89026,89345,AVROLLES
89047,89055,BLIGNY-EN-OTHE
89052,89439,BOUILLY
89070,89086,CHAMBEUGLE
89078,89003,CHAMPVALLON
89082,89169,CHAPELLE-VIEILLE-FORET
89090,89283,CHASTENAY
89097,89086,CHENE-ARNOULT
89103,89086,CHEVILLON
89106,89200,CHICHY
89107,89411,CHIGY
89110,89246,CIVRY-SUR-SEREIN
89114,89407,COMMISSEY
89121,89469,COURCEAUX
89135,89005,CUSY
89138,89086,DICY
89140,89014,DILO
89157,89233,ESSERT
89166,89414,FLEURIGNY
89174,89405,FONTENAILLES
89178,89086,FONTENOUILLES
89185,89068,FYE
89192,89086,GRANDCHAMP
89193,89469,GRANGE-LE-BOCAGE
89213,89196,LADUZ
89231,89073,LOUESME
89241,89086,MALICORNE
89243,89086,MARCHAIS-BETON
89258,89068,MILLY
89260,89405,MOLESMES
89269,89086,MOTHE-AUX-AULNAIES
89275,89196,NEUILLY
89293,89420,PERREUSE
89294,89086,PERREUX
89301,89469,PLESSIS-DU-MEE
89305,89068,POINCHY
89317,89086,PRUNOY
89322,89439,REBOURSEAUX
89330,89441,SACY
89343,89086,SAINT-DENIS-SUR-OUANNE
89356,89334,SAINT-MARTIN-SUR-OCRE
89357,89414,SAINT-MARTIN-SUR-OREUSE
89358,89086,SAINT-MARTIN-SUR-OUANNE
89366,89388,SAINT-ROMAIN-LE-PREUX
89372,89407,SAINT-VINNEMER
89389,89344,SEPTFONDS
89396,89469,SOGNES
89401,89263,SOUGERES-SUR-SINOTTE
89429,89411,VAREILLES
89435,89024,VAUX
89444,89469,VERTILLY
89454,89086,VILLEFRANCHE
89455,89264,VILLEGARDIN
89457,89196,VILLEMER
89473,89003,VILLIERS-SUR-THOLON
89476,89472,VILLOTTE
89484,89003,VOLGRE
90038,90082,ESCHENE-AUTRAGE
90040,90041,ETUEFFONT-BAS
90092,90042,SALBERT
90106,90097,VOURVENANS
91143,78143,CHATEAUFORT
91173,91613,CONGERVILLE
91221,91174,ESSONNES
91620,78620,TOUSSUS-LE-NOBLE
95025,95355,ARTHIEUL
95065,95355,BLAMECOURT
95259,95040,GADANCOURT
97351,97301,APPROUAGUE (CHEF-LIEU REGINA)
97354,97352,SAMSON (CHEF-LIEU DEGRAD-SAMSON)
97355,97306,MOYENNE-MANA (CHEF-LIEU MANA)
97359,97310,COMTE (CHEF-LIEU DEGRAD-EDMOND)
